This is pdfTeX, Version 3.141592653-2.6-1.40.29 (TeX Live 2026) (preloaded format=pdflatex 2026.8.4)  4 AUG 2026 10:42
entering extended mode
 restricted \write18 enabled.
 file:line:error style messages enabled.
 %&-line parsing enabled.
**c:/Users/victo/Documents/TCC/USPSC-TCC-modelo-ICMCp.tex
(c:/Users/victo/Documents/TCC/USPSC-TCC-modelo-ICMCp.tex
LaTeX2e <2026-06-01>
L3 programming layer <2026-07-20>
(./USPSC-classe/USPSC.cls
Document Class: USPSC-classe/USPSC 01/06/2021 v3.1 USPSC
(c:/texlive/2026/texmf-dist/tex/latex/base/ifthen.sty
Package: ifthen 2024/03/16 v1.1e Standard LaTeX ifthen package (DPC)
) (c:/texlive/2026/texmf-dist/tex/latex/memoir/memoir.cls
Document Class: memoir 2025/11/04 v3.8.4b configurable book, report, article document class
(c:/texlive/2026/texmf-dist/tex/latex/xpatch/xpatch.sty (c:/texlive/2026/texmf-dist/tex/latex/l3kernel/expl3.sty
Package: expl3 2026-07-20 L3 programming layer (loader) 
 (c:/texlive/2026/texmf-dist/tex/latex/l3backend/l3backend-pdftex.def
File: l3backend-pdftex.def 2026-02-18 L3 backend support: PDF output (pdfTeX)
\l__color_backend_stack_int=\count276
))
Package: xpatch 2020/03/25 v0.3a Extending etoolbox patching commands
 (c:/texlive/2026/texmf-dist/tex/latex/l3packages/xparse/xparse.sty
Package: xparse 2025-10-09 L3 Experimental document command parser
) (c:/texlive/2026/texmf-dist/tex/latex/etoolbox/etoolbox.sty
Package: etoolbox 2025/10/02 v2.5m e-TeX tools for LaTeX (JAW)
\etb@tempcnta=\count277
))
\onelineskip=\skip49
\lxvchars=\skip50
\xlvchars=\skip51
\@memcnta=\count278
\c@@memmarkcntra=\count279
 (c:/texlive/2026/texmf-dist/tex/generic/iftex/iftex.sty
Package: iftex 2024/12/12 v1.0g TeX engine tests
)
\trimtop=\skip52
\trimedge=\skip53
 (c:/texlive/2026/texmf-dist/tex/latex/memoir/mem12.clo
File: mem12.clo 2022/07/29 v0.5 memoir class 12pt size option
)
\binding=\skip54
\spinemargin=\skip55
\foremargin=\skip56
\uppermargin=\skip57
\lowermargin=\skip58
\headdrop=\skip59
\normalrulethickness=\skip60
\mem@maxheadheight=\skip61
\mem@maxfootheight=\skip62
\headwidth=\skip63
\c@storedpagenumber=\count280
\memPD=\dimen150
\m@mabparskip=\skip64
\thanksmarkwidth=\skip65
\thanksmarksep=\skip66
\droptitle=\skip67
\c@book=\count281
\c@part=\count282
\c@chapter=\count283
\c@section=\count284
\c@subsection=\count285
\c@subsubsection=\count286
\c@paragraph=\count287
\c@subparagraph=\count288
\beforechapskip=\skip68
\midchapskip=\skip69
\afterchapskip=\skip70
\chapindent=\skip71
\bottomsectionskip=\skip72
\secindent=\skip73
\beforesecskip=\skip74
\aftersecskip=\skip75
\subsecindent=\skip76
\beforesubsecskip=\skip77
\aftersubsecskip=\skip78
\subsubsecindent=\skip79
\beforesubsubsecskip=\skip80
\aftersubsubsecskip=\skip81
\paraindent=\skip82
\beforeparaskip=\skip83
\afterparaskip=\skip84
\subparaindent=\skip85
\beforesubparaskip=\skip86
\aftersubparaskip=\skip87
\pfbreakskip=\skip88
\c@@ppsavesec=\count289
\c@@ppsaveapp=\count290
\ragrparindent=\dimen151
\everylistparindent=\dimen152
\parsepi=\skip89
\topsepi=\skip90
\itemsepi=\skip91
\parsepii=\skip92
\topsepii=\skip93
\topsepiii=\skip94
\itemsepii=\skip95
\itemsepiii=\skip96
\partopsepii=\skip97
\partopsepiii=\skip98
\m@msavetopsep=\skip99
\m@msavepartopsep=\skip100
\@enLab=\toks17
\abstitleskip=\skip101
\absleftindent=\skip102
\abs@leftindent=\dimen153
\absrightindent=\skip103
\absparindent=\skip104
\absparsep=\skip105
\c@vslineno=\count291
\c@poemline=\count292
\c@modulo@vs=\count293
\c@memfvsline=\count294
\vleftskip=\skip106
\vrightskip=\skip107
\stanzaskip=\skip108
\versewidth=\skip109
\vgap=\skip110
\vindent=\skip111
\vleftmargin=\dimen154
\c@verse=\count295
\c@chrsinstr=\count296
\beforepoemtitleskip=\skip112
\afterpoemtitleskip=\skip113
\c@poem=\count297
\beforePoemTitleskip=\skip114
\midPoemTitleskip=\skip115
\afterPoemTitleskip=\skip116
 (c:/texlive/2026/texmf-dist/tex/latex/tools/array.sty
Package: array 2026/02/24 v2.7b Tabular extension package (FMi)
\col@sep=\dimen155
\ar@mcellbox=\box53
\extrarowheight=\dimen156
\NC@list=\toks18
\extratabsurround=\skip117
\backup@length=\skip118
\ar@cellbox=\box54
) (c:/texlive/2026/texmf-dist/tex/latex/tools/dcolumn.sty
Package: dcolumn 2025/10/21 v1.06 decimal alignment package (DPC)
) (c:/texlive/2026/texmf-dist/tex/latex/tools/delarray.sty
Package: delarray 2014/10/28 v1.01 array delimiter package (DPC)
) (c:/texlive/2026/texmf-dist/tex/latex/tools/tabularx.sty
Package: tabularx 2023/12/11 v2.12a `tabularx' package (DPC)
\TX@col@width=\dimen157
\TX@old@table=\dimen158
\TX@old@col=\dimen159
\TX@target=\dimen160
\TX@delta=\dimen161
\TX@cols=\count298
\TX@ftn=\toks19
) (c:/texlive/2026/texmf-dist/tex/latex/booktabs/booktabs.sty
Package: booktabs 2020/01/12 v1.61803398 Publication quality tables
\heavyrulewidth=\dimen162
\lightrulewidth=\dimen163
\cmidrulewidth=\dimen164
\belowrulesep=\dimen165
\belowbottomsep=\dimen166
\aboverulesep=\dimen167
\abovetopsep=\dimen168
\cmidrulesep=\dimen169
\cmidrulekern=\dimen170
\defaultaddspace=\dimen171
\@cmidla=\count299
\@cmidlb=\count300
\@aboverulesep=\dimen172
\@belowrulesep=\dimen173
\@thisruleclass=\count301
\@lastruleclass=\count302
\@thisrulewidth=\dimen174
)
\ctableftskip=\skip119
\ctabrightskip=\skip120
\abovecolumnspenalty=\count303
\@linestogo=\count304
\@cellstogo=\count305
\@cellsincolumn=\count306
\crtok=\toks20
\@mincolumnwidth=\dimen175
\c@newflo@tctr=\count307
\mem@margin@floatbox=\box55
\@contcwidth=\skip121
\@contindw=\skip122
\abovecaptionskip=\skip123
\belowcaptionskip=\skip124
\subfloattopskip=\skip125
\subfloatcapskip=\skip126
\subfloatcaptopadj=\skip127
\subfloatbottomskip=\skip128
\subfloatlabelskip=\skip129
\subfloatcapmargin=\dimen176
\c@@contsubnum=\count308
\m@mscap@capbox=\box56
\m@mscap@fbox=\box57
\sidecapsep=\dimen177
\sidecapwidth=\dimen178
\m@m@tempdima=\dimen179
\m@mscapraise=\dimen180
\sidecapraise=\dimen181
\m@mscapmainwidth=\dimen182
\m@mscaplkern=\dimen183
\beforeepigraphskip=\skip130
\afterepigraphskip=\skip131
\epigraphwidth=\skip132
\epigraphrule=\skip133
 (c:/texlive/2026/texmf-dist/tex/latex/hyperref/nameref.sty
Package: nameref 2026-01-29 v2.58 Cross-referencing by name of section
 (c:/texlive/2026/texmf-dist/tex/latex/refcount/refcount.sty
Package: refcount 2019/12/15 v3.6 Data extraction from label references (HO)
 (c:/texlive/2026/texmf-dist/tex/generic/ltxcmds/ltxcmds.sty
Package: ltxcmds 2023-12-04 v1.26 LaTeX kernel commands for general use (HO)
) (c:/texlive/2026/texmf-dist/tex/generic/infwarerr/infwarerr.sty
Package: infwarerr 2019/12/03 v1.5 Providing info/warning/error messages (HO)
)) (c:/texlive/2026/texmf-dist/tex/generic/gettitlestring/gettitlestring.sty
Package: gettitlestring 2019/12/15 v1.6 Cleanup title references (HO)
 (c:/texlive/2026/texmf-dist/tex/latex/kvoptions/kvoptions.sty
Package: kvoptions 2022-06-15 v3.15 Key value format for package options (HO)
 (c:/texlive/2026/texmf-dist/tex/latex/graphics/keyval.sty
Package: keyval 2026-05-17 v1.15 key=value parser (DPC)
\KV@toks@=\toks21
) (c:/texlive/2026/texmf-dist/tex/latex/kvsetkeys/kvsetkeys.sty
Package: kvsetkeys 2022-10-05 v1.19 Key value parser (HO)
)))
\c@section@level=\count309
)
\tocentryskip=\skip134
\tocbaseline=\skip135
\cftparskip=\skip136
\cftbeforebookskip=\skip137
\cftbookindent=\dimen184
\cftbooknumwidth=\dimen185
\cftbeforepartskip=\skip138
\cftpartindent=\skip139
\cftpartnumwidth=\skip140
\cftbeforechapterskip=\skip141
\cftchapterindent=\skip142
\cftchapternumwidth=\skip143
\cftbeforesectionskip=\skip144
\cftsectionindent=\skip145
\cftsectionnumwidth=\skip146
\cftbeforesubsectionskip=\skip147
\cftsubsectionindent=\skip148
\cftsubsectionnumwidth=\skip149
\cftbeforesubsubsectionskip=\skip150
\cftsubsubsectionindent=\skip151
\cftsubsubsectionnumwidth=\skip152
\cftbeforeparagraphskip=\skip153
\cftparagraphindent=\skip154
\cftparagraphnumwidth=\skip155
\cftbeforesubparagraphskip=\skip156
\cftsubparagraphindent=\skip157
\cftsubparagraphnumwidth=\skip158
\prechapterprecisshift=\dimen186
\c@maxsecnumdepth=\count310
\bibindent=\dimen187
\bibitemsep=\skip159
\indexcolsep=\skip160
\indexrule=\skip161
\indexmarkstyle=\toks22
\@indexbox=\insert252
LaTeX Info: Redefining \raggedbottom on input line 8095.
LaTeX Info: Redefining \flushbottom on input line 8099.
\glossarycolsep=\dimen188
\glossaryrule=\dimen189
\sideparvshift=\skip162
\sideins=\insert251
\sidebartopsep=\skip163
\sidebarhsep=\skip164
\sidebarvsep=\skip165
\sidebarwidth=\skip166
\footmarkwidth=\skip167
\footmarksep=\skip168
\footparindent=\skip169
\footinsdim=\skip170
\footinsv@r=\insert250
\@mpfootinsv@r=\insert249
\m@m@k=\count311
\m@m@h=\dimen190
\m@mipn@skip=\skip171
\sidefootins=\insert248
\sidefootadjust=\skip172
\sidefootheight=\skip173
\sidefoothsep=\skip174
\sidefootvsep=\skip175
\sidefootwidth=\skip176
\m@mdownsf=\skip177
\c@sidefootnote=\count312
\sidefootmarkwidth=\skip178
\sidefootmarksep=\skip179
\sidefootparindent=\skip180
\c@pagenote=\count313
\c@pagenoteshadow=\count314
\mem@pn@lastkern=\skip181
 (c:/texlive/2026/texmf-dist/tex/latex/tools/verbatim.sty
Package: verbatim 2024-01-22 v1.5x LaTeX2e package for verbatim enhancements
\every@verbatim=\toks23
\verbatim@line=\toks24
\verbatim@in@stream=\read2
)
\verbatimindent=\skip182
\verbatim@out=\write3
 (c:/texlive/2026/texmf-dist/tex/latex/base/shortvrb.sty
Package: shortvrb 2026-03-13 v3.0r Standard LaTeX documentation package V3 (FMi)
)
\bvboxsep=\skip183
\c@memfbvline=\count315
\c@bvlinectr=\count316
\bvnumlength=\skip184
\fb@frw=\dimen191
\fb@frh=\dimen192
\FrameRule=\dimen193
\FrameSep=\dimen194
\c@cp@cntr=\count317
\c@ism@mctr=\count318
\c@xsm@mctr=\count319
\c@csm@mctr=\count320
\c@ksm@mctr=\count321
\c@xksm@mctr=\count322
\c@cksm@mctr=\count323
\c@msm@mctr=\count324
\c@xmsm@mctr=\count325
\c@cmsm@mctr=\count326
\c@bsm@mctr=\count327
\c@workm@mctr=\count328
\c@sheetsequence=\count329
\c@lastsheet=\count330
\c@lastpage=\count331
\c@figure=\count332
\c@lofdepth=\count333
\cftbeforefigureskip=\skip185
\cftfigureindent=\skip186
\cftfigurenumwidth=\skip187
\c@table=\count334
\c@lotdepth=\count335
\cftbeforetableskip=\skip188
\cfttableindent=\skip189
\cfttablenumwidth=\skip190
Package abstract [2008/07/23] emulated by memoir.
Package appendix [2008/07/23] emulated by memoir.
Package ccaption [2008/07/23] emulated by memoir.
Package changepage [2008/07/23] emulated by memoir.
Package chngcntr [2008/07/23] emulated by memoir.
Package chngpage [2008/07/23] emulated by memoir.
Package crop emulated by memoir.
Package enumerate [2008/07/23] emulated by memoir.
Package epigraph [2008/07/23] emulated by memoir.
Package ifmtarg [2008/07/23] emulated by memoir.
Package index [2008/07/23] emulated by memoir.
Package makeidx [2008/07/23] emulated by memoir.
Package moreverb [2008/07/23] emulated by memoir.
Package needspace [2008/07/23] emulated by memoir.
Package newfile [2008/07/23] emulated by memoir.
Package nextpage [2008/07/23] emulated by memoir.
Package pagenote [2008/07/23] emulated by memoir.
Package parskip [2008/07/23] emulated by memoir.
Package patchcmd [2008/07/23] emulated by memoir.
Package setspace [2008/07/23] emulated by memoir.
Package showidx [2008/07/23] emulated by memoir.
Package titleref [2008/07/23] emulated by memoir.
Package titling [2008/07/23] emulated by memoir.
Package tocbibind [2008/07/23] emulated by memoir.
Package tocloft [2008/07/23] emulated by memoir.
Package tocvsec2 [2008/07/23] emulated by memoir.
Package verse [2008/07/23] emulated by memoir.
) (c:/texlive/2026/texmf-dist/tex/latex/graphics/color.sty
Package: color 2026-05-17 v1.3f Standard LaTeX Color (DPC)
 (c:/texlive/2026/texmf-dist/tex/latex/graphics-cfg/color.cfg
File: color.cfg 2016/01/02 v1.6 sample color configuration
)
Package color Info: Driver file: pdftex.def on input line 149.
 (c:/texlive/2026/texmf-dist/tex/latex/graphics-def/pdftex.def
File: pdftex.def 2025/09/29 v1.2d Graphics/color driver for pdftex
) (c:/texlive/2026/texmf-dist/tex/latex/graphics/mathcolor.ltx)) (c:/texlive/2026/texmf-dist/tex/latex/xcolor/xcolor.sty
Package: xcolor 2024/09/29 v3.02 LaTeX color extensions (UK)
 (c:/texlive/2026/texmf-dist/tex/latex/graphics-cfg/color.cfg
File: color.cfg 2016/01/02 v1.6 sample color configuration
)
Package xcolor Info: Driver file: pdftex.def on input line 274.
LaTeX Info: Redefining \color on input line 762.
 (c:/texlive/2026/texmf-dist/tex/latex/graphics/mathcolor.ltx)
Package xcolor Info: Model `cmy' substituted by `cmy0' on input line 1349.
Package xcolor Info: Model `hsb' substituted by `rgb' on input line 1353.
Package xcolor Info: Model `RGB' extended on input line 1365.
Package xcolor Info: Model `HTML' substituted by `rgb' on input line 1367.
Package xcolor Info: Model `Hsb' substituted by `hsb' on input line 1368.
Package xcolor Info: Model `tHsb' substituted by `hsb' on input line 1369.
Package xcolor Info: Model `HSB' substituted by `hsb' on input line 1370.
Package xcolor Info: Model `Gray' substituted by `gray' on input line 1371.
Package xcolor Info: Model `wave' substituted by `hsb' on input line 1372.
) (c:/texlive/2026/texmf-dist/tex/latex/textcase/textcase.sty
Package: textcase 2025/02/16 v1.05 Text only upper/lower case changing (DPC)
Package textcase Info: Defining Legacy names on input line 20.
) (c:/texlive/2026/texmf-dist/tex/latex/hyperref/hyperref.sty
Package: hyperref 2026-06-17 v7.01r Hypertext links for LaTeX
 (c:/texlive/2026/texmf-dist/tex/generic/kvdefinekeys/kvdefinekeys.sty
Package: kvdefinekeys 2019-12-19 v1.6 Define keys (HO)
) (c:/texlive/2026/texmf-dist/tex/generic/pdfescape/pdfescape.sty
Package: pdfescape 2019/12/09 v1.15 Implements pdfTeX's escape features (HO)
 (c:/texlive/2026/texmf-dist/tex/generic/pdftexcmds/pdftexcmds.sty
Package: pdftexcmds 2020-06-27 v0.33 Utility functions of pdfTeX for LuaTeX (HO)
Package pdftexcmds Info: \pdf@primitive is available.
Package pdftexcmds Info: \pdf@ifprimitive is available.
Package pdftexcmds Info: \pdfdraftmode found.
)) (c:/texlive/2026/texmf-dist/tex/latex/hycolor/hycolor.sty
Package: hycolor 2020-01-27 v1.10 Color options for hyperref/bookmark (HO)
) (c:/texlive/2026/texmf-dist/tex/generic/stringenc/stringenc.sty
Package: stringenc 2019/11/29 v1.12 Convert strings between diff. encodings (HO)
)
\@linkdim=\dimen195
\Hy@linkcounter=\count336
\Hy@pagecounter=\count337
 (c:/texlive/2026/texmf-dist/tex/latex/hyperref/pd1enc.def
File: pd1enc.def 2026-06-17 v7.01r Hyperref: PDFDocEncoding definition (HO)
Now handling font encoding PD1 ...
... no UTF-8 mapping file for font encoding PD1
) (c:/texlive/2026/texmf-dist/tex/generic/intcalc/intcalc.sty
Package: intcalc 2019/12/15 v1.3 Expandable calculations with integers (HO)
)
\Hy@SavedSpaceFactor=\count338
 (c:/texlive/2026/texmf-dist/tex/latex/hyperref/puenc.def
File: puenc.def 2026-06-17 v7.01r Hyperref: PDF Unicode definition (HO)
Now handling font encoding PU ...
... no UTF-8 mapping file for font encoding PU
)
Package hyperref Info: Hyper figures OFF on input line 4199.
Package hyperref Info: Link nesting OFF on input line 4204.
Package hyperref Info: Hyper index ON on input line 4207.
Package hyperref Info: Plain pages OFF on input line 4214.
Package hyperref Info: Backreferencing OFF on input line 4219.
Package hyperref Info: Implicit mode ON; LaTeX internals redefined.
Package hyperref Info: Bookmarks ON on input line 4466.
\c@Hy@tempcnt=\count339
 (c:/texlive/2026/texmf-dist/tex/latex/url/url.sty
\Urlmuskip=\muskip17
Package: url 2013/09/16  ver 3.4  Verb mode for urls, etc.
)
LaTeX Info: Redefining \url on input line 4805.
\XeTeXLinkMargin=\dimen196
 (c:/texlive/2026/texmf-dist/tex/generic/bitset/bitset.sty
Package: bitset 2019/12/09 v1.3 Handle bit-vector datatype (HO)
 (c:/texlive/2026/texmf-dist/tex/generic/bigintcalc/bigintcalc.sty
Package: bigintcalc 2019/12/15 v1.5 Expandable calculations on big integers (HO)
))
\Fld@menulength=\count340
\Field@Width=\dimen197
\Fld@charsize=\dimen198
Package hyperref Info: Hyper figures OFF on input line 6091.
Package hyperref Info: Link nesting OFF on input line 6096.
Package hyperref Info: Hyper index ON on input line 6099.
Package hyperref Info: backreferencing OFF on input line 6106.
Package hyperref Info: Link coloring OFF on input line 6111.
Package hyperref Info: Link coloring with OCG OFF on input line 6116.
Package hyperref Info: PDF/A mode OFF on input line 6121.
\Hy@abspage=\count341
\c@Item=\count342
\c@Hfootnote=\count343
)
Package hyperref Info: Driver (autodetected): hpdftex.
 (c:/texlive/2026/texmf-dist/tex/latex/hyperref/hpdftex.def
File: hpdftex.def 2026-06-17 v7.01r Hyperref driver for pdfTeX
\Fld@listcount=\count344
\c@bookmark@seq@number=\count345
 (c:/texlive/2026/texmf-dist/tex/latex/rerunfilecheck/rerunfilecheck.sty
Package: rerunfilecheck 2025-06-21 v1.11 Rerun checks for auxiliary files (HO)
 (c:/texlive/2026/texmf-dist/tex/generic/uniquecounter/uniquecounter.sty
Package: uniquecounter 2019/12/15 v1.4 Provide unlimited unique counter (HO)
)
Package uniquecounter Info: New unique counter `rerunfilecheck' on input line 284.
)
\Hy@SectionHShift=\skip191
) (c:/texlive/2026/texmf-dist/tex/latex/memoir/memhfixc.sty
Package: memhfixc 2025/09/16 v1.24 hyperref package fixes for memoir class
\c@memhycontfloat=\count346
\c@mem@Hpagenote=\count347
) (c:/texlive/2026/texmf-dist/tex/latex/bookmark/bookmark.sty
Package: bookmark 2026-05-21 v1.32 PDF bookmarks (HO)
 (c:/texlive/2026/texmf-dist/tex/latex/bookmark/bkm-pdftex.def
File: bkm-pdftex.def 2026-05-21 v1.32 bookmark driver for pdfTeX (HO)
\BKM@id=\count348
)) (c:/texlive/2026/texmf-dist/tex/generic/babel/babel.sty
Package: babel 2026/06/14 v26.9 The multilingual framework for LuaLaTeX, pdfLaTeX and XeLaTeX
\babel@savecnt=\count349
LaTeX Encoding Info:    Redeclaring text command \ij (encoding OT1) on input line 2084.
LaTeX Encoding Info:    Redeclaring text command \IJ (encoding OT1) on input line 2086.
LaTeX Encoding Info:    Redeclaring text command \ij (encoding T1) on input line 2088.
LaTeX Encoding Info:    Redeclaring text command \IJ (encoding T1) on input line 2089.
LaTeX Encoding Info:    Ignoring declaration for text command \ij (encoding ?) on input line 2090.
LaTeX Encoding Info:    Ignoring declaration for text command \IJ (encoding ?) on input line 2092.
LaTeX Encoding Info:    Ignoring declaration for text command \SS (encoding ?) on input line 2117.
\U@D=\dimen199
\l@unhyphenated=\language91
 (c:/texlive/2026/texmf-dist/tex/generic/babel/txtbabel.def)
\bbl@readstream=\read3
\bbl@dirlevel=\count350
 (c:/texlive/2026/texmf-dist/tex/generic/babel/locale/en/babel-english.tex) (c:/texlive/2026/texmf-dist/tex/generic/babel/locale/fr/babel-french.tex) (c:/texlive/2026/texmf-dist/tex/generic/babel/locale/es/babel-spanish.tex) (c:/texlive/2026/texmf-dist/tex/generic/babel/locale/invalid/babel-brazil.tex)
Package babel Info: Importing font and identification data for 'english'
(babel)             from babel-en.ini. Reported on input line 4380.
 (c:/texlive/2026/texmf-dist/tex/generic/babel-english/english.ldf
Language: english 2017/06/06 v3.3r English support from the babel system
Package babel Info: Hyphen rules for 'canadian' set to \l@english
(babel)             (\language0). Reported on input line 102.
Package babel Info: Hyphen rules for 'australian' set to \l@ukenglish
(babel)             (\language22). Reported on input line 105.
Package babel Info: Hyphen rules for 'newzealand' set to \l@ukenglish
(babel)             (\language22). Reported on input line 108.
)
Package babel Info: Importing font and identification data for 'french'
(babel)             from babel-fr.ini. Reported on input line 4380.
 (c:/texlive/2026/texmf-dist/tex/generic/babel-french/french.ldf
Language: french 2026-06-06 v4.1a French support from the babel system
 (c:/texlive/2026/texmf-dist/tex/generic/babel-french/french3.ldf
Language: french 2026-06-06 v3.7f French support from the babel system
\FB@stdchar=\count351
Package babel Info: Making : an active character on input line 266.
Package babel Info: Making ; an active character on input line 267.
Package babel Info: Making ! an active character on input line 268.
Package babel Info: Making ? an active character on input line 269.
\FBguill@level=\count352
\FBold@everypar=\toks25
\FB@Mht=\dimen256
\mc@charclass=\count353
\mc@charfam=\count354
\mc@charslot=\count355
\std@mcc=\count356
\dec@mcc=\count357
\listindentFB=\dimen257
\descindentFB=\dimen258
\labelwidthFB=\dimen259
\labelfullwidthFB=\dimen260
\FB@pardim=\dimen261
\parindentFFN=\dimen262
\FBfnindent=\dimen263
))
Package babel Info: Importing font and identification data for 'spanish'
(babel)             from babel-es.ini. Reported on input line 4380.
 (c:/texlive/2026/texmf-dist/tex/generic/babel-spanish/spanish.ldf
Language: spanish.ldf 2021/05/27 v5.0q Spanish support from the babel system
\es@quottoks=\toks26
\es@quotdepth=\count358
Package babel Info: Making " an active character on input line 570.
Package babel Info: Making . an active character on input line 675.
Package babel Info: Making < an active character on input line 722.
Package babel Info: Making > an active character on input line 722.
)

Package babel Warning: Name 'brazil' is deprecated.
(babel)                Use 'brazilian' instead.
(babel)                Reported on input line 4380.

Package babel Info: Importing font and identification data for 'brazil'
(babel)             from babel-pt-BR.ini. Reported on input line 4380.
(c:/texlive/2026/texmf-dist/tex/generic/babel-portuges/brazilian.ldf
Language: portuges 2026/01/24 v1.2u Portuguese support from the babel system
Package babel Info: Hyphen rules for 'brazil' set to \l@portuguese
(babel)             (\language73). Reported on input line 100.
)) (c:/texlive/2026/texmf-dist/tex/latex/carlisle/scalefnt.sty) (c:/texlive/2026/texmf-dist/tex/latex/enumitem/enumitem.sty
Package: enumitem 2025/02/06 v3.11 Customized lists
\labelindent=\skip192
\enit@outerparindent=\dimen264
\enit@toks=\toks27
\enit@inbox=\box58
\enit@count@id=\count359
\enitdp@description=\count360
) (c:/texlive/2026/texmf-dist/tex/latex/tools/calc.sty
Package: calc 2025/03/01 v4.3b Infix arithmetic (KKT,FJ)
\calc@Acount=\count361
\calc@Bcount=\count362
\calc@Adimen=\dimen265
\calc@Bdimen=\dimen266
\calc@Askip=\skip193
\calc@Bskip=\skip194
LaTeX Info: Redefining \setlength on input line 86.
LaTeX Info: Redefining \addtolength on input line 87.
\calc@Ccount=\count363
\calc@Cskip=\skip195
)

******************************************************
Stock height and width: 845.04684pt by 597.50787pt
Top and edge trims: 0pt and 0pt
Page height and width: 845.04684pt by 597.50787pt
Text height and width: 708pt by 455pt
Spine and edge margins: 85.35826pt and 56.9055pt
Upper and lower margins: 85.35826pt and 51.68858pt
Headheight and headsep: 14.5pt and 19.8738pt
Footskip: 30pt
Columnsep and columnseprule: 10pt and 0pt
Marginparsep and marginparwidth: 7pt and 42.9055pt
Sidecapsep and sidecapwidth: 7pt and 92pt
Sidebarhsep and sidebarwidth: 7pt and 92pt
Sidebarvsep and sidebartopsep: 14.5pt and 0pt
Sidebarheight: 590.14995pt
Sidefoothsep and sidefootwidth: 7pt and 92pt
Sidefootvsep and sidefootheight: 14.5pt and 590.14995pt
******************************************************

\c@abntex@bookmarkcounter=\count364
\c@quadro=\count365
\c@loqdepth=\count366
\cftbeforequadroskip=\skip196
\cftquadroindent=\skip197
\cftquadronumwidth=\skip198
\cftlastnumwidth=\skip199

Class memoir Warning: \settocpreprocessor is marked deprecated and will be
(memoir)              removed in 2026, the problem it tried to solve 
(memoir)              (see manual, section 9.2.3),
(memoir)              has been fixed in the kernel, and the feature is
(memoir)              no longer needed. on input line 693.

\chapternamenumlength=\skip256
\ABNTEXcitacaorecuo=\skip257
\c@alineasi=\count367
\c@alineasii=\count368
\enitdp@alineas=\count369
\c@subalineasi=\count370
\enitdp@subalineas=\count371
\c@incisosi=\count372
\enitdp@incisos=\count373
\ABNTEXsignwidth=\skip258
\ABNTEXsignthickness=\skip259
\ABNTEXsignskip=\skip260

LaTeX Warning: \include should only be used after \begin{document} on input line 1281.

(./USPSC-unidades.tex)) (c:/texlive/2026/texmf-dist/tex/latex/base/fontenc.sty
Package: fontenc 2025/07/18 v2.1d Standard LaTeX package
) (c:/texlive/2026/texmf-dist/tex/latex/base/inputenc.sty
Package: inputenc 2024/02/08 v1.3d Input encoding file
\inpenc@prehook=\toks28
\inpenc@posthook=\toks29
) (c:/texlive/2026/texmf-dist/tex/latex/lm/lmodern.sty
Package: lmodern 2015/05/01 v1.6.1 Latin Modern Fonts
LaTeX Font Info:    Overwriting symbol font `operators' in version `normal'
(Font)                  OT1/cmr/m/n --> OT1/lmr/m/n on input line 22.
LaTeX Font Info:    Overwriting symbol font `letters' in version `normal'
(Font)                  OML/cmm/m/it --> OML/lmm/m/it on input line 23.
LaTeX Font Info:    Overwriting symbol font `symbols' in version `normal'
(Font)                  OMS/cmsy/m/n --> OMS/lmsy/m/n on input line 24.
LaTeX Font Info:    Overwriting symbol font `largesymbols' in version `normal'
(Font)                  OMX/cmex/m/n --> OMX/lmex/m/n on input line 25.
LaTeX Font Info:    Overwriting symbol font `operators' in version `bold'
(Font)                  OT1/cmr/bx/n --> OT1/lmr/bx/n on input line 26.
LaTeX Font Info:    Overwriting symbol font `letters' in version `bold'
(Font)                  OML/cmm/b/it --> OML/lmm/b/it on input line 27.
LaTeX Font Info:    Overwriting symbol font `symbols' in version `bold'
(Font)                  OMS/cmsy/b/n --> OMS/lmsy/b/n on input line 28.
LaTeX Font Info:    Overwriting symbol font `largesymbols' in version `bold'
(Font)                  OMX/cmex/m/n --> OMX/lmex/m/n on input line 29.
LaTeX Font Info:    Overwriting math alphabet `\mathbf' in version `normal'
(Font)                  OT1/cmr/bx/n --> OT1/lmr/bx/n on input line 31.
LaTeX Font Info:    Overwriting math alphabet `\mathsf' in version `normal'
(Font)                  OT1/cmss/m/n --> OT1/lmss/m/n on input line 32.
LaTeX Font Info:    Overwriting math alphabet `\mathit' in version `normal'
(Font)                  OT1/cmr/m/it --> OT1/lmr/m/it on input line 33.
LaTeX Font Info:    Overwriting math alphabet `\mathtt' in version `normal'
(Font)                  OT1/cmtt/m/n --> OT1/lmtt/m/n on input line 34.
LaTeX Font Info:    Overwriting math alphabet `\mathbf' in version `bold'
(Font)                  OT1/cmr/bx/n --> OT1/lmr/bx/n on input line 35.
LaTeX Font Info:    Overwriting math alphabet `\mathsf' in version `bold'
(Font)                  OT1/cmss/bx/n --> OT1/lmss/bx/n on input line 36.
LaTeX Font Info:    Overwriting math alphabet `\mathit' in version `bold'
(Font)                  OT1/cmr/bx/it --> OT1/lmr/bx/it on input line 37.
LaTeX Font Info:    Overwriting math alphabet `\mathtt' in version `bold'
(Font)                  OT1/cmtt/m/n --> OT1/lmtt/m/n on input line 38.
) (c:/texlive/2026/texmf-dist/tex/latex/lastpage/lastpage.sty
Package: lastpage 2025/08/14 v2.1h lastpage: 2.09 or 2e? (HMM)
 (c:/texlive/2026/texmf-dist/tex/latex/lastpage/lastpage2e.sty
Package: lastpage2e 2025/08/14 v2.1h Decide which 2e lastpage version to use (HMM)
 (c:/texlive/2026/texmf-dist/tex/latex/lastpage/lastpagemodern.sty
Package: lastpagemodern 2025-08-14 v2.1h Refers to last page's name (HMM; JPG)
\c@lastpagecount=\count374
) 
)) (c:/texlive/2026/texmf-dist/tex/latex/tools/indentfirst.sty
Package: indentfirst 2023/07/02 v1.03 Indent first paragraph (DPC)
) (c:/texlive/2026/texmf-dist/tex/latex/graphics/graphicx.sty
Package: graphicx 2026-05-17 v1.2e Enhanced LaTeX Graphics (DPC,SPQR)
 (c:/texlive/2026/texmf-dist/tex/latex/graphics/graphics.sty
Package: graphics 2026-05-17 v1.4h Standard LaTeX Graphics (DPC,SPQR)
 (c:/texlive/2026/texmf-dist/tex/latex/graphics/trig.sty
Package: trig 2023/12/02 v1.11 sin cos tan (DPC)
) (c:/texlive/2026/texmf-dist/tex/latex/graphics-cfg/graphics.cfg
File: graphics.cfg 2016/06/04 v1.11 sample graphics configuration
)
Package graphics Info: Driver file: pdftex.def on input line 106.
)
\Gin@req@height=\dimen267
\Gin@req@width=\dimen268
) (c:/texlive/2026/texmf-dist/tex/latex/float/float.sty
Package: float 2001/11/08 v1.3d Float enhancements (AL)
\c@float@type=\count375
\float@exts=\toks30
\float@box=\box59
\@float@everytoks=\toks31
\@floatcapt=\box60
) (c:/texlive/2026/texmf-dist/tex/generic/chemfig/chemfig.sty (c:/texlive/2026/texmf-dist/tex/latex/pgf/frontendlayer/tikz.sty (c:/texlive/2026/texmf-dist/tex/latex/pgf/basiclayer/pgf.sty (c:/texlive/2026/texmf-dist/tex/latex/pgf/utilities/pgfrcs.sty (c:/texlive/2026/texmf-dist/tex/generic/pgf/utilities/pgfutil-common.tex
\pgfutil@everybye=\toks32
\pgfutil@tempdima=\dimen269
\pgfutil@tempdimb=\dimen270
) (c:/texlive/2026/texmf-dist/tex/generic/pgf/utilities/pgfutil-latex.def
\pgfutil@abb=\box61
) (c:/texlive/2026/texmf-dist/tex/generic/pgf/utilities/pgfrcs.code.tex (c:/texlive/2026/texmf-dist/tex/generic/pgf/pgf.revision.tex)
Package: pgfrcs 2026-08-01 v3.1.12 (3.1.12)
))
Package: pgf 2026-08-01 v3.1.12 (3.1.12)
 (c:/texlive/2026/texmf-dist/tex/latex/pgf/basiclayer/pgfcore.sty (c:/texlive/2026/texmf-dist/tex/latex/pgf/systemlayer/pgfsys.sty (c:/texlive/2026/texmf-dist/tex/generic/pgf/systemlayer/pgfsys.code.tex
Package: pgfsys 2026-08-01 v3.1.12 (3.1.12)
 (c:/texlive/2026/texmf-dist/tex/generic/pgf/utilities/pgfkeys.code.tex
\pgfkeys@pathtoks=\toks33
\pgfkeys@temptoks=\toks34
 (c:/texlive/2026/texmf-dist/tex/generic/pgf/utilities/pgfkeyslibraryfiltered.code.tex
\pgfkeys@tmptoks=\toks35
))
\pgf@x=\dimen271
\pgf@y=\dimen272
\pgf@xa=\dimen273
\pgf@ya=\dimen274
\pgf@xb=\dimen275
\pgf@yb=\dimen276
\pgf@xc=\dimen277
\pgf@yc=\dimen278
\pgf@xd=\dimen279
\pgf@yd=\dimen280
\w@pgf@writea=\write4
\r@pgf@reada=\read4
\c@pgf@counta=\count376
\c@pgf@countb=\count377
\c@pgf@countc=\count378
\c@pgf@countd=\count379
\t@pgf@toka=\toks36
\t@pgf@tokb=\toks37
\t@pgf@tokc=\toks38
\pgf@sys@id@count=\count380
 (c:/texlive/2026/texmf-dist/tex/generic/pgf/systemlayer/pgf.cfg
File: pgf.cfg 2026-08-01 v3.1.12 (3.1.12)
)
Driver file for pgf: pgfsys-pdftex.def
 (c:/texlive/2026/texmf-dist/tex/generic/pgf/systemlayer/pgfsys-pdftex.def
File: pgfsys-pdftex.def 2026-08-01 v3.1.12 (3.1.12)
 (c:/texlive/2026/texmf-dist/tex/generic/pgf/systemlayer/pgfsys-common-pdf.def
File: pgfsys-common-pdf.def 2026-08-01 v3.1.12 (3.1.12)
))) (c:/texlive/2026/texmf-dist/tex/generic/pgf/systemlayer/pgfsyssoftpath.code.tex
File: pgfsyssoftpath.code.tex 2026-08-01 v3.1.12 (3.1.12)
\pgfsyssoftpath@smallbuffer@items=\count381
\pgfsyssoftpath@bigbuffer@items=\count382
) (c:/texlive/2026/texmf-dist/tex/generic/pgf/systemlayer/pgfsysprotocol.code.tex
File: pgfsysprotocol.code.tex 2026-08-01 v3.1.12 (3.1.12)
)) (c:/texlive/2026/texmf-dist/tex/generic/pgf/basiclayer/pgfcore.code.tex
Package: pgfcore 2026-08-01 v3.1.12 (3.1.12)
 (c:/texlive/2026/texmf-dist/tex/generic/pgf/math/pgfmath.code.tex (c:/texlive/2026/texmf-dist/tex/generic/pgf/math/pgfmathutil.code.tex) (c:/texlive/2026/texmf-dist/tex/generic/pgf/math/pgfmathparser.code.tex
\pgfmath@dimen=\dimen281
\pgfmath@count=\count383
\pgfmath@box=\box62
\pgfmath@toks=\toks39
\pgfmath@stack@operand=\toks40
\pgfmath@stack@operation=\toks41
) (c:/texlive/2026/texmf-dist/tex/generic/pgf/math/pgfmathfunctions.code.tex) (c:/texlive/2026/texmf-dist/tex/generic/pgf/math/pgfmathfunctions.basic.code.tex) (c:/texlive/2026/texmf-dist/tex/generic/pgf/math/pgfmathfunctions.trigonometric.code.tex) (c:/texlive/2026/texmf-dist/tex/generic/pgf/math/pgfmathfunctions.random.code.tex) (c:/texlive/2026/texmf-dist/tex/generic/pgf/math/pgfmathfunctions.comparison.code.tex) (c:/texlive/2026/texmf-dist/tex/generic/pgf/math/pgfmathfunctions.base.code.tex) (c:/texlive/2026/texmf-dist/tex/generic/pgf/math/pgfmathfunctions.round.code.tex) (c:/texlive/2026/texmf-dist/tex/generic/pgf/math/pgfmathfunctions.misc.code.tex) (c:/texlive/2026/texmf-dist/tex/generic/pgf/math/pgfmathfunctions.integerarithmetics.code.tex) (c:/texlive/2026/texmf-dist/tex/generic/pgf/math/pgfmathcalc.code.tex) (c:/texlive/2026/texmf-dist/tex/generic/pgf/math/pgfmathfloat.code.tex
\c@pgfmathroundto@lastzeros=\count384
)) (c:/texlive/2026/texmf-dist/tex/generic/pgf/math/pgfint.code.tex) (c:/texlive/2026/texmf-dist/tex/generic/pgf/basiclayer/pgfcorepoints.code.tex
File: pgfcorepoints.code.tex 2026-08-01 v3.1.12 (3.1.12)
\pgf@picminx=\dimen282
\pgf@picmaxx=\dimen283
\pgf@picminy=\dimen284
\pgf@picmaxy=\dimen285
\pgf@pathminx=\dimen286
\pgf@pathmaxx=\dimen287
\pgf@pathminy=\dimen288
\pgf@pathmaxy=\dimen289
\pgf@xx=\dimen290
\pgf@xy=\dimen291
\pgf@yx=\dimen292
\pgf@yy=\dimen293
\pgf@zx=\dimen294
\pgf@zy=\dimen295
) (c:/texlive/2026/texmf-dist/tex/generic/pgf/basiclayer/pgfcorepathconstruct.code.tex
File: pgfcorepathconstruct.code.tex 2026-08-01 v3.1.12 (3.1.12)
\pgf@path@lastx=\dimen296
\pgf@path@lasty=\dimen297
) (c:/texlive/2026/texmf-dist/tex/generic/pgf/basiclayer/pgfcorepathusage.code.tex
File: pgfcorepathusage.code.tex 2026-08-01 v3.1.12 (3.1.12)
\pgf@shorten@end@additional=\dimen298
\pgf@shorten@start@additional=\dimen299
) (c:/texlive/2026/texmf-dist/tex/generic/pgf/basiclayer/pgfcorescopes.code.tex
File: pgfcorescopes.code.tex 2026-08-01 v3.1.12 (3.1.12)
\pgfpic=\box63
\pgf@hbox=\box64
\pgf@layerbox@main=\box65
\pgf@picture@serial@count=\count385
) (c:/texlive/2026/texmf-dist/tex/generic/pgf/basiclayer/pgfcoregraphicstate.code.tex
File: pgfcoregraphicstate.code.tex 2026-08-01 v3.1.12 (3.1.12)
\pgflinewidth=\dimen300
) (c:/texlive/2026/texmf-dist/tex/generic/pgf/basiclayer/pgfcoretransformations.code.tex
File: pgfcoretransformations.code.tex 2026-08-01 v3.1.12 (3.1.12)
\pgf@pt@x=\dimen301
\pgf@pt@y=\dimen302
\pgf@pt@temp=\dimen303
) (c:/texlive/2026/texmf-dist/tex/generic/pgf/basiclayer/pgfcorequick.code.tex
File: pgfcorequick.code.tex 2026-08-01 v3.1.12 (3.1.12)
) (c:/texlive/2026/texmf-dist/tex/generic/pgf/basiclayer/pgfcoreobjects.code.tex
File: pgfcoreobjects.code.tex 2026-08-01 v3.1.12 (3.1.12)
) (c:/texlive/2026/texmf-dist/tex/generic/pgf/basiclayer/pgfcorepathprocessing.code.tex
File: pgfcorepathprocessing.code.tex 2026-08-01 v3.1.12 (3.1.12)
) (c:/texlive/2026/texmf-dist/tex/generic/pgf/basiclayer/pgfcorearrows.code.tex
File: pgfcorearrows.code.tex 2026-08-01 v3.1.12 (3.1.12)
\pgfarrowsep=\dimen304
) (c:/texlive/2026/texmf-dist/tex/generic/pgf/basiclayer/pgfcoreshade.code.tex
File: pgfcoreshade.code.tex 2026-08-01 v3.1.12 (3.1.12)
\pgf@max=\dimen305
\pgf@sys@shading@range@num=\count386
\pgf@shadingcount=\count387
) (c:/texlive/2026/texmf-dist/tex/generic/pgf/basiclayer/pgfcoreimage.code.tex
File: pgfcoreimage.code.tex 2026-08-01 v3.1.12 (3.1.12)
) (c:/texlive/2026/texmf-dist/tex/generic/pgf/basiclayer/pgfcoreexternal.code.tex
File: pgfcoreexternal.code.tex 2026-08-01 v3.1.12 (3.1.12)
\pgfexternal@startupbox=\box66
) (c:/texlive/2026/texmf-dist/tex/generic/pgf/basiclayer/pgfcorelayers.code.tex
File: pgfcorelayers.code.tex 2026-08-01 v3.1.12 (3.1.12)
) (c:/texlive/2026/texmf-dist/tex/generic/pgf/basiclayer/pgfcoretransparency.code.tex
File: pgfcoretransparency.code.tex 2026-08-01 v3.1.12 (3.1.12)
) (c:/texlive/2026/texmf-dist/tex/generic/pgf/basiclayer/pgfcorepatterns.code.tex
File: pgfcorepatterns.code.tex 2026-08-01 v3.1.12 (3.1.12)
) (c:/texlive/2026/texmf-dist/tex/generic/pgf/basiclayer/pgfcorerdf.code.tex
File: pgfcorerdf.code.tex 2026-08-01 v3.1.12 (3.1.12)
))) (c:/texlive/2026/texmf-dist/tex/generic/pgf/modules/pgfmoduleshapes.code.tex
File: pgfmoduleshapes.code.tex 2026-08-01 v3.1.12 (3.1.12)
\pgfnodeparttextbox=\box67
) (c:/texlive/2026/texmf-dist/tex/generic/pgf/modules/pgfmoduleplot.code.tex
File: pgfmoduleplot.code.tex 2026-08-01 v3.1.12 (3.1.12)
) (c:/texlive/2026/texmf-dist/tex/latex/pgf/compatibility/pgfcomp-version-0-65.sty
Package: pgfcomp-version-0-65 2026-08-01 v3.1.12 (3.1.12)
\pgf@nodesepstart=\dimen306
\pgf@nodesepend=\dimen307
) (c:/texlive/2026/texmf-dist/tex/latex/pgf/compatibility/pgfcomp-version-1-18.sty
Package: pgfcomp-version-1-18 2026-08-01 v3.1.12 (3.1.12)
)) (c:/texlive/2026/texmf-dist/tex/latex/pgf/utilities/pgffor.sty (c:/texlive/2026/texmf-dist/tex/latex/pgf/utilities/pgfkeys.sty (c:/texlive/2026/texmf-dist/tex/generic/pgf/utilities/pgfkeys.code.tex)) (c:/texlive/2026/texmf-dist/tex/latex/pgf/math/pgfmath.sty (c:/texlive/2026/texmf-dist/tex/generic/pgf/math/pgfmath.code.tex)) (c:/texlive/2026/texmf-dist/tex/generic/pgf/utilities/pgffor.code.tex
Package: pgffor 2026-08-01 v3.1.12 (3.1.12)
\pgffor@iter=\dimen308
\pgffor@skip=\dimen309
\pgffor@stack=\toks42
\pgffor@toks=\toks43
)) (c:/texlive/2026/texmf-dist/tex/generic/pgf/frontendlayer/tikz/tikz.code.tex
Package: tikz 2026-08-01 v3.1.12 (3.1.12)
 (c:/texlive/2026/texmf-dist/tex/generic/pgf/libraries/pgflibraryplothandlers.code.tex
File: pgflibraryplothandlers.code.tex 2026-08-01 v3.1.12 (3.1.12)
\pgf@plot@mark@count=\count388
\pgfplotmarksize=\dimen310
)
\tikz@lastx=\dimen311
\tikz@lasty=\dimen312
\tikz@lastxsaved=\dimen313
\tikz@lastysaved=\dimen314
\tikz@lastmovetox=\dimen315
\tikz@lastmovetoy=\dimen316
\tikzleveldistance=\dimen317
\tikzsiblingdistance=\dimen318
\tikz@figbox=\box68
\tikz@figbox@bg=\box69
\tikz@tempbox=\box70
\tikz@tempbox@bg=\box71
\tikztreelevel=\count389
\tikznumberofchildren=\count390
\tikznumberofcurrentchild=\count391
\tikz@fig@count=\count392
 (c:/texlive/2026/texmf-dist/tex/generic/pgf/modules/pgfmodulematrix.code.tex
File: pgfmodulematrix.code.tex 2026-08-01 v3.1.12 (3.1.12)
\pgfmatrixcurrentrow=\count393
\pgfmatrixcurrentcolumn=\count394
\pgf@matrix@numberofcolumns=\count395
)
\tikz@expandcount=\count396
 (c:/texlive/2026/texmf-dist/tex/generic/pgf/frontendlayer/tikz/libraries/tikzlibrarytopaths.code.tex
File: tikzlibrarytopaths.code.tex 2026-08-01 v3.1.12 (3.1.12)
))) (c:/texlive/2026/texmf-dist/tex/generic/chemfig/chemfig.tex (c:/texlive/2026/texmf-dist/tex/generic/simplekv/simplekv.tex
Package: simplekv 2025/06/15 v0.32 Simple keyval package (CT)
) (c:/texlive/2026/texmf-dist/tex/generic/pgf/libraries/pgflibraryarrows.meta.code.tex
File: pgflibraryarrows.meta.code.tex 2026-08-01 v3.1.12 (3.1.12)
\pgfarrowinset=\dimen319
\pgfarrowlength=\dimen320
\pgfarrowwidth=\dimen321
\pgfarrowlinewidth=\dimen322
)
\CF_cnt_atomgroup=\count397
\CF_cnt_group=\count398
\CF_cnt_atom=\count399
\CF_cnt_cycle=\count400
\CF_cnt_cyclebonds=\count401
\CF_cnt_compound=\count402
\CF_dim=\dimen323
\CF_turnangle=\dimen324
\CF_arrowsize=\dimen325
\CF_zero=\dimen326
\CF_box=\box72
\CF_boxstuff=\box73
\CF_testbox=\box74
\CF_chargebox=\box75
\CF_substtoks=\toks44
\CF_harrow_boxup=\box76
\CF_harrow_boxdown=\box77
\CF_hreact_cnt=\count403
)
Package: chemfig 2025/10/30 v1.71 Draw molecule with an easy syntax (CT)
) (c:/texlive/2026/texmf-dist/tex/latex/chemmacros/chemmacros.sty (c:/texlive/2026/texmf-dist/tex/latex/l3packages/l3keys2e/l3keys2e.sty
Package: l3keys2e 2025-10-09 LaTeX2e option processing using LaTeX3 keys
)
Package: chemmacros 2022/03/11 v6.2a comprehensive support for typesetting chemistry documents (CN & SK)
\l__chemmacros_tmpa_dim=\dimen327
\l__chemmacros_tmpb_dim=\dimen328
\l__chemmacros_tmpc_dim=\dimen329
\l__chemmacros_tmpa_int=\count404
\l__chemmacros_tmpb_int=\count405
\l__chemmacros_tmpc_int=\count406
\l__chemmacros_tmpa_box=\box78
\l__chemmacros_tmpb_box=\box79
\l__chemmacros_tmpc_box=\box80
Loading the chemmacros module `base' ...

Loading the chemmacros module `base' ...
(c:/texlive/2026/texmf-dist/tex/latex/tools/bm.sty
Package: bm 2025/10/21 v1.2g Bold Symbol Support (DPC/FMi)
\symboldoperators=\mathgroup4
\symboldletters=\mathgroup5
\symboldsymbols=\mathgroup6
Package bm Info: No bold for \OMX/lmex/m/n, using \pmb.
LaTeX Font Info:    Redeclaring math alphabet \mathbf on input line 149.
) (c:/texlive/2026/texmf-dist/tex/latex/amsmath/amstext.sty
Package: amstext 2024/11/17 v2.01 AMS text
 (c:/texlive/2026/texmf-dist/tex/latex/amsmath/amsgen.sty
File: amsgen.sty 1999/11/30 v2.0 generic functions
\@emptytoks=\toks45
\ex@=\dimen330
))
Loading the chemmacros module `errorcheck' ...

Loading the chemmacros module `errorcheck' ...
Loading the chemmacros module `lang' ...
Loading the chemmacros module `lang' ...
(c:/texlive/2026/texmf-dist/tex/latex/translations/translations.sty
Package: translations 2022/02/05 v1.12 internationalization of LaTeX2e packages (CN)
)
Loading the chemmacros module `greek' ...

Loading the chemmacros module `greek' ...
(c:/texlive/2026/texmf-dist/tex/latex/chemgreek/chemgreek.sty
Package: chemgreek 2020/01/16 v1.1a interface for upright Greek letters for use in chemistry (CN)
\l__chemgreek_tmpa_int=\count407
\g__chemgreek_tmpa_int=\count408
)
Loading the chemmacros module `formula' ...

Loading the chemmacros module `formula' ...
Loading the chemmacros module `charges' ...
Loading the chemmacros module `charges' ...
Loading the chemmacros module `acid-base' ...
Loading the chemmacros module `acid-base' ...
Loading the chemmacros module `symbols' ...
Loading the chemmacros module `symbols' ...
Loading the chemmacros module `particles' ...
Loading the chemmacros module `particles' ...
\l__chemmacros_nucleophile_dim=\dimen331
Loading the chemmacros module `phases' ...
Loading the chemmacros module `phases' ...
\l__chemmacros_phases_space_dim=\dimen332
Loading the chemmacros module `nomenclature' ...
Loading the chemmacros module `nomenclature' ...
\l__chemmacros_cip_kern_dim=\dimen333
\l__chemmacros_iupac_hyphen_pre_dim=\dimen334
\l__chemmacros_iupac_hyphen_post_dim=\dimen335
\l__chemmacros_iupac_break_dim=\dimen336
\l__chemmacros_iupac_break_skip=\skip261
Loading the chemmacros module `tikz' ...
Loading the chemmacros module `tikz' ...
(c:/texlive/2026/texmf-dist/tex/generic/pgf/frontendlayer/tikz/libraries/tikzlibrarycalc.code.tex
File: tikzlibrarycalc.code.tex 2026-08-01 v3.1.12 (3.1.12)
) (c:/texlive/2026/texmf-dist/tex/generic/pgf/frontendlayer/tikz/libraries/tikzlibrarydecorations.pathmorphing.code.tex (c:/texlive/2026/texmf-dist/tex/generic/pgf/frontendlayer/tikz/libraries/tikzlibrarydecorations.code.tex (c:/texlive/2026/texmf-dist/tex/generic/pgf/modules/pgfmoduledecorations.code.tex
\pgfdecoratedcompleteddistance=\dimen337
\pgfdecoratedremainingdistance=\dimen338
\pgfdecoratedinputsegmentcompleteddistance=\dimen339
\pgfdecoratedinputsegmentremainingdistance=\dimen340
\pgf@decorate@distancetomove=\dimen341
\pgf@decorate@repeatstate=\count409
\pgfdecorationsegmentamplitude=\dimen342
\pgfdecorationsegmentlength=\dimen343
)
\tikz@lib@dec@box=\box81
) (c:/texlive/2026/texmf-dist/tex/generic/pgf/libraries/decorations/pgflibrarydecorations.pathmorphing.code.tex))
\l__chemmacros_el_length_dim=\dimen344
Loading the chemmacros module `isotopes' ...

Loading the chemmacros module `isotopes' ...
(c:/texlive/2026/texmf-dist/tex/latex/elements/elements.sty
Package: elements 2022/01/29 v0.4 properties of chemical elements
\c@@elements@orbital@type=\count410
\c@@elements@shell@number=\count411
)
Loading the chemmacros module `mechanisms' ...

Loading the chemmacros module `mechanisms' ...
Loading the chemmacros module `newman' ...
Loading the chemmacros module `newman' ...
Loading the chemmacros module `orbital' ...
Loading the chemmacros module `orbital' ...
Loading the chemmacros module `polymers' ...
Loading the chemmacros module `polymers' ...
\l__chemmacros_polymer_delimiter_height_dim=\dimen345
\l__chemmacros_polymer_delimiter_depth_dim=\dimen346
Loading the chemmacros module `reactions' ...
Loading the chemmacros module `reactions' ...
\c@reaction=\count412
(c:/texlive/2026/texmf-dist/tex/latex/mathtools/mathtools.sty
Package: mathtools 2024/10/04 v1.31 mathematical typesetting tools
 (c:/texlive/2026/texmf-dist/tex/latex/mathtools/mhsetup.sty
Package: mhsetup 2021/03/18 v1.4 programming setup (MH)
) (c:/texlive/2026/texmf-dist/tex/latex/amsmath/amsmath.sty
Package: amsmath 2026/05/19 v2.18d AMS math features
\@mathmargin=\skip262

For additional information on amsmath, use the `?' option.
(c:/texlive/2026/texmf-dist/tex/latex/amsmath/amsbsy.sty
Package: amsbsy 1999/11/29 v1.2d Bold Symbols
LaTeX Info: Redefining \boldsymbol on input line 28.
\pmbraise@=\dimen347
) (c:/texlive/2026/texmf-dist/tex/latex/amsmath/amsopn.sty
Package: amsopn 2022/04/08 v2.04 operator names
)
\inf@bad=\count413
LaTeX Info: Redefining \frac on input line 233.
\uproot@=\count414
\leftroot@=\count415
LaTeX Info: Redefining \overline on input line 398.
LaTeX Info: Redefining \colon on input line 409.
\classnum@=\count416
\DOTSCASE@=\count417
LaTeX Info: Redefining \ldots on input line 495.
LaTeX Info: Redefining \dots on input line 498.
LaTeX Info: Redefining \cdots on input line 619.
\Mathstrutbox@=\box82
\strutbox@=\box83
LaTeX Info: Redefining \big on input line 721.
LaTeX Info: Redefining \Big on input line 722.
LaTeX Info: Redefining \bigg on input line 723.
LaTeX Info: Redefining \Bigg on input line 724.
\big@size=\dimen348
LaTeX Font Info:    Redeclaring font encoding OML on input line 742.
LaTeX Font Info:    Redeclaring font encoding OMS on input line 743.
\macc@depth=\count418
LaTeX Info: Redefining \bmod on input line 904.
LaTeX Info: Redefining \pmod on input line 909.
LaTeX Info: Redefining \smash on input line 939.
LaTeX Info: Redefining \relbar on input line 969.
LaTeX Info: Redefining \Relbar on input line 970.
\c@MaxMatrixCols=\count419
\dotsspace@=\muskip18
\c@parentequation=\count420
\dspbrk@lvl=\count421
\tag@help=\toks46
\row@=\count422
\column@=\count423
\maxfields@=\count424
\andhelp@=\toks47
\eqnshift@=\dimen349
\alignsep@=\dimen350
\tagshift@=\dimen351
\tagwidth@=\dimen352
\totwidth@=\dimen353
\lineht@=\dimen354
\@envbody=\toks48
\multlinegap=\skip263
\multlinetaggap=\skip264
\mathdisplay@stack=\toks49
LaTeX Info: Redefining \[ on input line 2965.
LaTeX Info: Redefining \] on input line 2966.
)
\g_MT_multlinerow_int=\count425
\l_MT_multwidth_dim=\dimen355
\origjot=\skip265
\l_MT_shortvdotswithinadjustabove_dim=\dimen356
\l_MT_shortvdotswithinadjustbelow_dim=\dimen357
\l_MT_above_intertext_sep=\dimen358
\l_MT_below_intertext_sep=\dimen359
\l_MT_above_shortintertext_sep=\dimen360
\l_MT_below_shortintertext_sep=\dimen361
\xmathstrut@box=\box84
\xmathstrut@dim=\dimen362
)
Loading the chemmacros module `redox' ...

Loading the chemmacros module `redox' ...
(c:/texlive/2026/texmf-dist/tex/latex/relsize/relsize.sty
Package: relsize 2013/03/29 ver 4.1
)
\l__chemmacros_ox_number_int=\count426
\l__chemmacros_redox_sep_dim=\dimen363
\l__chemmacros_redox_sep_default_dim=\dimen364
\l__chemmacros_redox_dist_dim=\dimen365
Loading the chemmacros module `xfrac' ...

Loading the chemmacros module `xfrac' ...
(c:/texlive/2026/texmf-dist/tex/latex/xfrac/xfrac.sty
Package: xfrac 2024-06-04 Split-level fractions
\l__xfrac_slash_box=\box85
\l__xfrac_tmp_box=\box86
\l__xfrac_denominator_bot_sep_dim=\dimen366
\l__xfrac_numerator_bot_sep_dim=\dimen367
\l__xfrac_numerator_top_sep_dim=\dimen368
\l__xfrac_slash_left_sep_dim=\dimen369
\l__xfrac_slash_right_sep_dim=\dimen370
\l__xfrac_slash_left_muskip=\muskip19
\l__xfrac_slash_right_muskip=\muskip20

LaTeX template Info: Declaring template type 'xfrac' taking 3 argument(s) on
(template)           line 100.


LaTeX template Info: Declaring instance 'cmr' of type xfrac on line 392.


LaTeX template Info: Declaring instance 'cmss' of type xfrac on line 392.


LaTeX template Info: Declaring instance 'cmtt' of type xfrac on line 392.

)

LaTeX template Info: Declaring instance 'chemmacros-frac-cmr-superscript' of
(template)           type xfrac on line 4683.


LaTeX template Info: Declaring instance 'chemmacros-frac-cmr-text' of type
(template)           xfrac on line 4691.

Loading the chemmacros module `scheme' ...

Loading the chemmacros module `scheme' ...
(c:/texlive/2026/texmf-dist/tex/latex/chemnum/chemnum.sty
Package: chemnum 2021/01/21 v1.3a a comprehensive approach for the numbering of chemical compounds (CN)
 (c:/texlive/2026/texmf-dist/tex/latex/psfrag/psfrag.sty
Package: psfrag 1998/04/11 v3.04 PSfrag (MCG)
\pfg@pcount=\count427
\pfg@scount=\count428
\pfg@temp=\write5
)
\l__chemnum_tmpa_int=\count429
\l__chemnum_tmpb_int=\count430
\l__chemnum_tmpc_int=\count431
\c@cmpdmain=\count432
\g__chemnum_main_int=\count433
\l__chemnum_compound_replace_int=\count434
)
==> First Aid for chemnum.sty applied!
Loading the chemmacros module `spectroscopy' ...
Loading the chemmacros module `spectroscopy' ...
(c:/texlive/2026/texmf-dist/tex/latex/siunitx/siunitx.sty
Package: siunitx 2026-05-15 v3.5.5 A comprehensive (SI) units package
\l__siunitx_number_uncert_offset_int=\count435
\l__siunitx_number_exponent_fixed_int=\count436
\l__siunitx_number_min_decimal_int=\count437
\l__siunitx_number_min_integer_int=\count438
\l__siunitx_number_round_precision_int=\count439
\l__siunitx_number_lower_threshold_int=\count440
\l__siunitx_number_upper_threshold_int=\count441
\l__siunitx_number_group_first_int=\count442
\l__siunitx_number_group_size_int=\count443
\l__siunitx_number_group_min_int=\count444
\l__siunitx_number_group_minimum_int=\count445
\l__siunitx_compound_count_int=\count446
\l__siunitx_table_tmp_box=\box87
\l__siunitx_table_tmp_dim=\dimen371
\l__siunitx_table_column_width_dim=\dimen372
\l__siunitx_table_integer_box=\box88
\l__siunitx_table_decimal_box=\box89
\l__siunitx_table_uncert_box=\box90
\l__siunitx_table_before_box=\box91
\l__siunitx_table_after_box=\box92
\l__siunitx_table_before_dim=\dimen373
\l__siunitx_table_carry_dim=\dimen374
\l__siunitx_unit_tmp_int=\count447
\l__siunitx_unit_position_int=\count448
\l__siunitx_unit_total_int=\count449
\l__siunitx_sexagesimal_tmp_dim=\dimen375
\l__siunitx_sexagesimal_marker_box=\box93
\l__siunitx_sexagesimal_unit_box=\box94
)
\l__chemmacros_nmr_space_skip=\skip266
Loading the chemmacros module `thermodynamics' ...

Loading the chemmacros module `thermodynamics' ...
Loading the chemmacros module `units' ...
Loading the chemmacros module `units' ...
Loading the chemmacros module `reactants' ...
Loading the chemmacros module `reactants' ...
Loading the chemmacros module `translations' ...
Loading the chemmacros module `translations' ...
) (c:/texlive/2026/texmf-dist/tex/generic/pgf/frontendlayer/tikz/libraries/tikzlibrarypositioning.code.tex
File: tikzlibrarypositioning.code.tex 2026-08-01 v3.1.12 (3.1.12)
) (c:/texlive/2026/texmf-dist/tex/latex/microtype/microtype.sty
Package: microtype 2026/03/01 v3.2d Micro-typographical refinements (RS)
\MT@toks=\toks50
\MT@tempbox=\box95
\MT@count=\count450
LaTeX Info: Redefining \noprotrusionifhmode on input line 1084.
LaTeX Info: Redefining \leftprotrusion on input line 1085.
\MT@prot@toks=\toks51
LaTeX Info: Redefining \rightprotrusion on input line 1104.
LaTeX Info: Redefining \textls on input line 1449.
\MT@outer@kern=\dimen376
LaTeX Info: Redefining \microtypecontext on input line 2053.
LaTeX Info: Redefining \textmicrotypecontext on input line 2070.
\MT@listname@count=\count451
 (c:/texlive/2026/texmf-dist/tex/latex/microtype/microtype-pdftex.def
File: microtype-pdftex.def 2026/03/01 v3.2d Definitions specific to pdftex (RS)
LaTeX Info: Redefining \lsstyle on input line 944.
LaTeX Info: Redefining \lslig on input line 944.
\MT@outer@space=\skip267
)
Package microtype Info: Loading configuration file microtype.cfg.
 (c:/texlive/2026/texmf-dist/tex/latex/microtype/microtype.cfg
File: microtype.cfg 2026/03/01 v3.2d microtype main configuration file (RS)
)
LaTeX Info: Redefining \microtypesetup on input line 3065.
) (c:/texlive/2026/texmf-dist/tex/latex/pdfpages/pdfpages.sty
Package: pdfpages 2026/03/30 v0.6h Insert pages of external PDF documents (AM)
 (c:/texlive/2026/texmf-dist/tex/latex/eso-pic/eso-pic.sty
Package: eso-pic 2026/05/31 v3.0e eso-pic (RN)
\ESO@tempdima=\dimen377
\ESO@tempdimb=\dimen378
)
\AM@pagewidth=\dimen379
\AM@pageheight=\dimen380
\AM@fboxrule=\dimen381
 (c:/texlive/2026/texmf-dist/tex/latex/pdfpages/pppdftex.def
File: pppdftex.def 2026/03/30 v0.6h Pdfpages driver for pdfTeX (AM)
)
\pdfpages@includegraphics@status=\count452
\AM@pagebox=\box96
\AM@global@opts=\toks52
\AM@pagecnt=\count453
\AM@toc@title=\toks53
\AM@lof@heading=\toks54
\c@AM@survey=\count454
\AM@templatesizebox=\box97
) (c:/texlive/2026/texmf-dist/tex/latex/hyphenat/hyphenat.sty
Package: hyphenat 2009/09/02 v2.3c hyphenation utilities
\langwohyphens=\language92
LaTeX Info: Redefining \_ on input line 43.
) (c:/texlive/2026/texmf-dist/tex/latex/textpos/textpos.sty
Package: textpos 2022/07/23 v1.10.1
Package textpos Info: choosing support for LaTeX3 on input line 60.
\TP@textbox=\box98
\TP@holdbox=\box99
\TPHorizModule=\dimen382
\TPVertModule=\dimen383
\TP@margin=\dimen384
\TP@absmargin=\dimen385

Grid set 16 x 16 = 37.34424pt x 52.81541pt
\TPboxrulesize=\dimen386
\TP@ox=\dimen387
\TP@oy=\dimen388
\TP@tbargs=\toks55
TextBlockOrigin set to 0pt x 0pt
) (c:/texlive/2026/texmf-dist/tex/latex/makebox/makebox.sty
Package: makebox 2004/07/31 v0.1 extend makebox command
) (c:/texlive/2026/texmf-dist/tex/latex/abntex2/abntex2cite.sty
Package: abntex2cite 2018/11/24 v-1.9.7 abnTeX2
 (c:/texlive/2026/texmf-dist/tex/latex/abntex2/abntex2abrev.sty)
\minimumbiblabelwidth=\skip268
\ABCIauxlen=\skip269
\c@ABCIaux=\count455
\c@ABCImax=\count456
 (c:/texlive/2026/texmf-dist/tex/generic/iftex/ifpdf.sty
Package: ifpdf 2019/10/25 v3.4 ifpdf legacy package. Use iftex instead.
) (c:/texlive/2026/texmf-dist/tex/generic/iftex/ifxetex.sty
Package: ifxetex 2019/10/25 v0.7 ifxetex legacy package. Use iftex instead.
)
\biblabelsep=\skip270
LaTeX Info: Redefining \newblock on input line 591.
LaTeX Info: Redefining \cite on input line 618.
\ABCItoken=\toks56
) (c:/texlive/2026/texmf-dist/tex/latex/lipsum/lipsum.sty
Package: lipsum 2021-09-20 v2.7 150 paragraphs of Lorem Ipsum dummy text
\g__lipsum_par_int=\count457
\l__lipsum_a_int=\count458
\l__lipsum_b_int=\count459
 (c:/texlive/2026/texmf-dist/tex/latex/lipsum/lipsum.ltd.tex)) (c:/texlive/2026/texmf-dist/tex/latex/tools/multicol.sty
Package: multicol 2025/10/21 v2.0b multicolumn formatting (FMi)
\c@tracingmulticols=\count460
\mult@box=\box100
\multicol@leftmargin=\dimen389
\c@unbalance=\count461
\c@collectmore=\count462
\doublecol@number=\count463
\multicoltolerance=\count464
\multicolpretolerance=\count465
\full@width=\dimen390
\page@free=\dimen391
\premulticols=\dimen392
\postmulticols=\dimen393
\multicolsep=\skip271
\multicolbaselineskip=\skip272
\partial@page=\box101
\last@line=\box102
\mc@boxedresult=\box103
\maxbalancingoverflow=\dimen394
\mult@rightbox=\box104
\mult@grightbox=\box105
\mult@firstbox=\box106
\mult@gfirstbox=\box107
\@tempa=\box108
\@tempa=\box109
\@tempa=\box110
\@tempa=\box111
\@tempa=\box112
\@tempa=\box113
\@tempa=\box114
\@tempa=\box115
\@tempa=\box116
\@tempa=\box117
\@tempa=\box118
\@tempa=\box119
\@tempa=\box120
\@tempa=\box121
\@tempa=\box122
\@tempa=\box123
\@tempa=\box124
\@tempa=\box125
\@tempa=\box126
\@tempa=\box127
\@tempa=\box128
\@tempa=\box129
\@tempa=\box130
\@tempa=\box131
\@tempa=\box132
\@tempa=\box133
\@tempa=\box134
\@tempa=\box135
\@tempa=\box136
\@tempa=\box137
\@tempa=\box138
\@tempa=\box139
\@tempa=\box140
\@tempa=\box141
\@tempa=\box142
\@tempa=\box143
\c@minrows=\count466
\c@columnbadness=\count467
\c@finalcolumnbadness=\count468
\last@try=\dimen395
\multicolovershoot=\dimen396
\multicolundershoot=\dimen397
\mult@nat@firstbox=\box144
\colbreak@box=\box145
\mc@col@check@num=\count469
\g__mc_curr_col_int=\count470
) (c:/texlive/2026/texmf-dist/tex/latex/multirow/multirow.sty
Package: multirow 2024/11/12 v2.9 Span multiple rows of a table
\multirow@colwidth=\skip273
\multirow@cntb=\count471
\multirow@dima=\skip274
\bigstrutjot=\dimen398
) (c:/texlive/2026/texmf-dist/tex/latex/tools/longtable.sty
Package: longtable 2026-01-28 v4.27 Multi-page Table package (DPC)
\LTleft=\skip275
\LTright=\skip276
\LTpre=\skip277
\LTpost=\skip278
\LTchunksize=\count472
\LTcapwidth=\dimen399
\LT@head=\box146
\LT@firsthead=\box147
\LT@foot=\box148
\LT@lastfoot=\box149
\LT@gbox=\box150
\LT@cols=\count473
\LT@rows=\count474
\c@LT@tables=\count475
\c@LT@chunks=\count476
\LT@p@ftn=\toks57
) (c:/texlive/2026/texmf-dist/tex/latex/threeparttablex/threeparttablex.sty
Package: threeparttablex 2013/07/23 v0.3 by daleif
 (c:/texlive/2026/texmf-dist/tex/latex/threeparttable/threeparttable.sty
Package: threeparttable 2003/06/13  v 3.0
\@tempboxb=\box151
) (c:/texlive/2026/texmf-dist/tex/latex/environ/environ.sty
Package: environ 2014/05/04 v0.3 A new way to define environments
 (c:/texlive/2026/texmf-dist/tex/latex/trimspaces/trimspaces.sty
Package: trimspaces 2009/09/17 v1.1 Trim spaces around a token list
))
\TPTL@width=\skip279
) (./USPSC-classe/ABNT6023-10520.sty

LaTeX Warning: You have requested package `USPSC-classe/ABNT6023-10520',
               but the package provides `ABNT6023-2013'.

Package: ABNT6023-2013 
)

LaTeX Warning: \include should only be used after \begin{document} on input line 167.

(./USPSC-TCC-pre-textual-ICMC.tex)
Package hyperref Info: Option `colorlinks' set `true' on input line 196.
\USPSC-TCC-modelo-ICMCp@idxfile=\write6
\openout6 = `USPSC-TCC-modelo-ICMCp.idx'.


Writing index file USPSC-TCC-modelo-ICMCp.idx 

Package chemmacros Info: You haven't chosen a formula method so I'm assuming
(chemmacros)             the default method `chemformula'.

(c:/texlive/2026/texmf-dist/tex/latex/chemformula/chemformula.sty (c:/texlive/2026/texmf-dist/tex/latex/units/nicefrac.sty
Package: nicefrac 1998/08/04 v0.9b Nice fractions
\L@UnitsRaiseDisplaystyle=\skip280
\L@UnitsRaiseTextstyle=\skip281
\L@UnitsRaiseScriptstyle=\skip282
)
Package: chemformula 2022/01/23 v4.17 typeset chemical compounds and reactions (CN)
\l__chemformula_tmpa_dim=\dimen400
\l__chemformula_tmpb_dim=\dimen401
\l__chemformula_tmpc_dim=\dimen402
\l__chemformula_tmpa_int=\count477
\l__chemformula_tmpb_int=\count478
\l__chemformula_tmpc_int=\count479
\l__chemformula_tmpa_box=\box152
\l__chemformula_tmpb_box=\box153
\l__chemformula_arrow_length_dim=\dimen403
\l__chemformula_arrow_label_height_dim=\dimen404
\l__chemformula_arrow_label_offset_dim=\dimen405
\l__chemformula_arrow_minimum_length_dim=\dimen406
\l__chemformula_arrow_shortage_dim=\dimen407
\l__chemformula_arrow_offset_dim=\dimen408
\l__chemformula_arrow_yshift_dim=\dimen409
\l__chemformula_radical_radius_dim=\dimen410
\l__chemformula_radical_hshift_dim=\dimen411
\l__chemformula_radical_vshift_dim=\dimen412
\l__chemformula_radical_space_dim=\dimen413
\l__chemformula_arrow_head_dim=\dimen414
\l__chemformula_name_dim=\dimen415
\l__chemformula_adduct_space_dim=\dimen416
\l__chemformula_charge_shift_dim=\dimen417
\l__chemformula_subscript_shift_dim=\dimen418
\l__chemformula_superscript_shift_dim=\dimen419
\l__chemformula_subscript_dim=\dimen420
\l__chemformula_superscript_dim=\dimen421
\l__chemformula_bond_dim=\dimen422
\l__chemformula_bond_space_dim=\dimen423
\l__chemformula_elspec_pair_distance_dim=\dimen424
\l__chemformula_elspec_pair_line_length_dim=\dimen425
\l__chemformula_elspec_pair_width_dim=\dimen426
\l__chemformula_kroegervink_positive_radius_dim=\dimen427
\l__chemformula_kroegervink_positive_hshift_dim=\dimen428
\l__chemformula_kroegervink_positive_vshift_dim=\dimen429
\l__chemformula_kroegervink_positive_space_dim=\dimen430
\l__chemformula_stoich_space_skip=\skip283
\l__chemformula_math_space_skip=\skip284
\l__chemformula_additions_symbol_space_skip=\skip285
\l__chemformula_count_tokens_int=\count480
\g__chemformula_lewis_int=\count481
\l__chemformula_arrow_arg_i_box=\box154
\l__chemformula_arrow_arg_ii_box=\box155
\l__chemformula_superscript_box=\box156
\l__chemformula_subscript_box=\box157
\l__chemformula_plus_space_skip=\skip286
\l__chemformula_minus_space_skip=\skip287
)

Package chemmacros Info: Using float defining method `float'.

\@float@every@scheme=\toks58
\c@scheme=\count482
LaTeX Font Info:    Trying to load font information for T1+lmr on input line 217.
 (c:/texlive/2026/texmf-dist/tex/latex/lm/t1lmr.fd
File: t1lmr.fd 2015/05/01 v1.6.1 Font defs for Latin Modern
)
No file USPSC-TCC-modelo-ICMCp.aux.
\openout1 = `USPSC-TCC-modelo-ICMCp.aux'.

LaTeX Font Info:    Checking defaults for OML/cmm/m/it on input line 217.
LaTeX Font Info:    ... okay on input line 217.
LaTeX Font Info:    Checking defaults for OMS/cmsy/m/n on input line 217.
LaTeX Font Info:    ... okay on input line 217.
LaTeX Font Info:    Checking defaults for OT1/cmr/m/n on input line 217.
LaTeX Font Info:    ... okay on input line 217.
LaTeX Font Info:    Checking defaults for T1/cmr/m/n on input line 217.
LaTeX Font Info:    ... okay on input line 217.
LaTeX Font Info:    Checking defaults for TS1/cmr/m/n on input line 217.
LaTeX Font Info:    ... okay on input line 217.
LaTeX Font Info:    Checking defaults for OMX/cmex/m/n on input line 217.
LaTeX Font Info:    ... okay on input line 217.
LaTeX Font Info:    Checking defaults for U/cmr/m/n on input line 217.
LaTeX Font Info:    ... okay on input line 217.
LaTeX Font Info:    Checking defaults for PD1/pdf/m/n on input line 217.
LaTeX Font Info:    ... okay on input line 217.
LaTeX Font Info:    Checking defaults for PU/pdf/m/n on input line 217.
LaTeX Font Info:    ... okay on input line 217.
(c:/texlive/2026/texmf-dist/tex/context/base/mkii/supp-pdf.mkii
[Loading MPS to PDF converter (version 2006.09.02).]
\scratchcounter=\count483
\scratchdimen=\dimen431
\scratchbox=\box158
\nofMPsegments=\count484
\nofMParguments=\count485
\everyMPshowfont=\toks59
\MPscratchCnt=\count486
\MPscratchDim=\dimen432
\MPnumerator=\count487
\makeMPintoPDFobject=\count488
\everyMPtoPDFconversion=\toks60
) (c:/texlive/2026/texmf-dist/tex/latex/epstopdf-pkg/epstopdf-base.sty
Package: epstopdf-base 2020-01-24 v2.11 Base part for package epstopdf
Package epstopdf-base Info: Redefining graphics rule for `.eps' on input line 485.
 (c:/texlive/2026/texmf-dist/tex/latex/latexconfig/epstopdf-sys.cfg
File: epstopdf-sys.cfg 2010/07/13 v1.3 Configuration of (r)epstopdf for TeX Live
))
Package hyperref Info: Link coloring ON on input line 217.
Package babel Info: 'brazil' activates 'portuges' shorthands.
(babel)             Reported on input line 217.
LaTeX Info: Redefining \degres on input line 217.
\myptabbox=\box159
\myptabboxwidth=\skip288
 (c:/texlive/2026/texmf-dist/tex/latex/translations/translations-basic-dictionary-brazil.trsl
File: translations-basic-dictionary-brazil.trsl (brazil translation file `translations-basic-dictionary')
)
Package translations Info: loading dictionary `translations-basic-dictionary' for `brazil'. on input line 217.
 (c:/texlive/2026/texmf-dist/tex/latex/translations/translations-basic-dictionary-spanish.trsl
File: translations-basic-dictionary-spanish.trsl (spanish translation file `translations-basic-dictionary')
)
Package translations Info: loading dictionary `translations-basic-dictionary' for `spanish'. on input line 217.
 (c:/texlive/2026/texmf-dist/tex/latex/translations/translations-basic-dictionary-french.trsl
File: translations-basic-dictionary-french.trsl (french translation file `translations-basic-dictionary')
)
Package translations Info: loading dictionary `translations-basic-dictionary' for `french'. on input line 217.
 (c:/texlive/2026/texmf-dist/tex/latex/translations/translations-basic-dictionary-english.trsl
File: translations-basic-dictionary-english.trsl (english translation file `translations-basic-dictionary')
)
Package translations Info: loading dictionary `translations-basic-dictionary' for `english'. on input line 217.

Package chemgreek Info: Activating mapping `default' on line 217.

LaTeX Info: Redefining \microtypecontext on input line 217.
Package microtype Info: Applying patch `item' on input line 217.
Package microtype Info: Applying patch `toc' on input line 217.
Package microtype Info: Applying patch `eqnum' on input line 217.
Package microtype Info: Applying patch `footnote' on input line 217.
Package microtype Info: Applying patch `verbatim' on input line 217.
LaTeX Info: Redefining \microtypesetup on input line 217.
Package microtype Info: Generating PDF output.
Package microtype Info: Character protrusion enabled (level 2).
Package microtype Info: Using default protrusion set `alltext'.
Package microtype Info: Automatic font expansion enabled (level 2),
(microtype)             stretch: 20, shrink: 20, step: 1, non-selected.
Package microtype Info: Using default expansion set `alltext-nott'.
Package microtype Info: Patching command `\showhyphens'.
Package microtype Info: No adjustment of tracking.
Package microtype Info: No adjustment of interword spacing.
Package microtype Info: No adjustment of character kerning.
 (c:/texlive/2026/texmf-dist/tex/latex/microtype/mt-cmr.cfg
File: mt-cmr.cfg 2013/05/19 v2.2 microtype config. file: Computer Modern Roman (RS)
) (c:/texlive/2026/texmf-dist/tex/latex/pdflscape/pdflscape.sty
Package: pdflscape 2025-06-23 v0.14 Display of landscape pages in PDF
 (c:/texlive/2026/texmf-dist/tex/latex/pdflscape/pdflscape-nometadata.sty
Package: pdflscape-nometadata 2025-06-23 v0.14 Display of landscape pages in PDF (HO)
 (c:/texlive/2026/texmf-dist/tex/latex/graphics/lscape.sty
Package: lscape 2020/05/28 v3.02 Landscape Pages (DPC)
)
Package pdflscape Info: Auto-detected driver: pdftex on input line 81.
))
Package babel Info: Main language set to 'brazil'.


Package chemmacros Warning: You haven't loaded any package for upright Greek
(chemmacros)                letters or no unique choice was possible. Either
(chemmacros)                load one of packages specified in the manual or
(chemmacros)                select a chemgreek mapping manually.

(c:/texlive/2026/texmf-dist/tex/latex/elements/elements_names_brazil.def)
\openout2 = `USPSC-TA-PreTextual/USPSC-CapaICMC.aux'.

 (./USPSC-TA-PreTextual/USPSC-CapaICMC.tex
LaTeX Font Info:    Trying to load font information for T1+lmss on input line 9.
 (c:/texlive/2026/texmf-dist/tex/latex/lm/t1lmss.fd
File: t1lmss.fd 2015/05/01 v1.6.1 Font defs for Latin Modern
)
Package microtype Info: Loading generic protrusion settings for font family
(microtype)             `lmss' (encoding: T1).
(microtype)             For optimal results, create family-specific settings.
(microtype)             See the microtype manual for details.
LaTeX Font Info:    Trying to load font information for OT1+lmr on input line 12.
 (c:/texlive/2026/texmf-dist/tex/latex/lm/ot1lmr.fd
File: ot1lmr.fd 2015/05/01 v1.6.1 Font defs for Latin Modern
)
LaTeX Font Info:    Trying to load font information for OML+lmm on input line 12.
 (c:/texlive/2026/texmf-dist/tex/latex/lm/omllmm.fd
File: omllmm.fd 2015/05/01 v1.6.1 Font defs for Latin Modern
)
LaTeX Font Info:    Trying to load font information for OMS+lmsy on input line 12.
 (c:/texlive/2026/texmf-dist/tex/latex/lm/omslmsy.fd
File: omslmsy.fd 2015/05/01 v1.6.1 Font defs for Latin Modern
)
LaTeX Font Info:    Trying to load font information for OMX+lmex on input line 12.
 (c:/texlive/2026/texmf-dist/tex/latex/lm/omxlmex.fd
File: omxlmex.fd 2015/05/01 v1.6.1 Font defs for Latin Modern
)
LaTeX Font Info:    External font `lmex10' loaded for size
(Font)              <12> on input line 12.
LaTeX Font Info:    External font `lmex10' loaded for size
(Font)              <8> on input line 12.
LaTeX Font Info:    External font `lmex10' loaded for size
(Font)              <6> on input line 12.
)
<USPSC-img/CapaICMC.jpg, id=7, 596.4684pt x 845.0772pt>
File: USPSC-img/CapaICMC.jpg Graphic file (type jpg)
<use USPSC-img/CapaICMC.jpg>
Package pdftex.def Info: USPSC-img/CapaICMC.jpg  used on input line 245.
(pdftex.def)             Requested size: 596.44875pt x 845.04933pt.
 [1
Non-PDF special ignored!
<special> header=psfrag.pro
{c:/texlive/2026/texmf-var/fonts/map/pdftex/updmap/pdftex.map}{c:/texlive/2026/texmf-dist/fonts/enc/dvips/lm/lm-ec.enc}


 <./USPSC-img/CapaICMC.jpg>]
<USPSC-TA-PreTextual/USPSC-PaginaEmBranco.pdf, id=15, 597.55246pt x 845.07718pt>
File: USPSC-TA-PreTextual/USPSC-PaginaEmBranco.pdf Graphic file (type pdf)
<use USPSC-TA-PreTextual/USPSC-PaginaEmBranco.pdf>
Package pdftex.def Info: USPSC-TA-PreTextual/USPSC-PaginaEmBranco.pdf  used on input line 247.
(pdftex.def)             Requested size: 597.551pt x 845.07512pt.
<USPSC-TA-PreTextual/USPSC-PaginaEmBranco.pdf, id=17, page=1, 597.55246pt x 845.07718pt>
File: USPSC-TA-PreTextual/USPSC-PaginaEmBranco.pdf Graphic file (type pdf)
<use USPSC-TA-PreTextual/USPSC-PaginaEmBranco.pdf, page 1>
Package pdftex.def Info: USPSC-TA-PreTextual/USPSC-PaginaEmBranco.pdf , page1 used on input line 247.
(pdftex.def)             Requested size: 597.551pt x 845.07512pt.
File: USPSC-TA-PreTextual/USPSC-PaginaEmBranco.pdf Graphic file (type pdf)
<use USPSC-TA-PreTextual/USPSC-PaginaEmBranco.pdf, page 1>
Package pdftex.def Info: USPSC-TA-PreTextual/USPSC-PaginaEmBranco.pdf , page1 used on input line 247.
(pdftex.def)             Requested size: 597.57834pt x 845.1138pt.
File: USPSC-TA-PreTextual/USPSC-PaginaEmBranco.pdf Graphic file (type pdf)
<use USPSC-TA-PreTextual/USPSC-PaginaEmBranco.pdf, page 1>
Package pdftex.def Info: USPSC-TA-PreTextual/USPSC-PaginaEmBranco.pdf , page1 used on input line 247.
(pdftex.def)             Requested size: 597.57834pt x 845.1138pt.
File: USPSC-TA-PreTextual/USPSC-PaginaEmBranco.pdf Graphic file (type pdf)
<use USPSC-TA-PreTextual/USPSC-PaginaEmBranco.pdf, page 1>
Package pdftex.def Info: USPSC-TA-PreTextual/USPSC-PaginaEmBranco.pdf , page1 used on input line 247.
(pdftex.def)             Requested size: 597.57834pt x 845.1138pt.
File: USPSC-img/CapaICMC.jpg Graphic file (type jpg)
<use USPSC-img/CapaICMC.jpg>
Package pdftex.def Info: USPSC-img/CapaICMC.jpg  used on input line 247.
(pdftex.def)             Requested size: 596.44875pt x 845.04933pt.
<USPSC-img/USPSC-PaginaEmBranco.jpg, id=18, 597.6729pt x 845.3181pt>
File: USPSC-img/USPSC-PaginaEmBranco.jpg Graphic file (type jpg)
<use USPSC-img/USPSC-PaginaEmBranco.jpg>
Package pdftex.def Info: USPSC-img/USPSC-PaginaEmBranco.jpg  used on input line 247.
(pdftex.def)             Requested size: 597.4799pt x 845.04517pt.
File: USPSC-TA-PreTextual/USPSC-PaginaEmBranco.pdf Graphic file (type pdf)
<use USPSC-TA-PreTextual/USPSC-PaginaEmBranco.pdf, page 1>
Package pdftex.def Info: USPSC-TA-PreTextual/USPSC-PaginaEmBranco.pdf , page1 used on input line 247.
(pdftex.def)             Requested size: 597.57834pt x 845.1138pt.
 [2



 <./USPSC-img/USPSC-PaginaEmBranco.jpg> <./USPSC-TA-PreTextual/USPSC-PaginaEmBranco.pdf>]
Underfull \hbox (badness 1360) in paragraph at lines 270--270
\T1/lmr/m/n/12 (+20) e Escola de Engenharia de São Carlos,
 []


Underfull \hbox (badness 3189) in paragraph at lines 270--270
\T1/lmr/m/n/12 (+20) Universidade de São Paulo - ICMC -
 []


Underfull \hbox (badness 3803) in paragraph at lines 270--270
\T1/lmr/m/n/12 (+20) EESC/USP, como parte dos requisitos
 []


Underfull \hbox (badness 7451) in paragraph at lines 270--270
[]\T1/lmr/m/n/12 (+20) Área de concentração: Engenharia de
 []

File: USPSC-img/CapaICMC.jpg Graphic file (type jpg)
<use USPSC-img/CapaICMC.jpg>
Package pdftex.def Info: USPSC-img/CapaICMC.jpg  used on input line 270.
(pdftex.def)             Requested size: 596.44875pt x 845.04933pt.
File: USPSC-img/USPSC-PaginaEmBranco.jpg Graphic file (type jpg)
<use USPSC-img/USPSC-PaginaEmBranco.jpg>
Package pdftex.def Info: USPSC-img/USPSC-PaginaEmBranco.jpg  used on input line 270.
(pdftex.def)             Requested size: 597.4799pt x 845.04517pt.
[3

]
<USPSC-TA-PreTextual/USPSC-fichacatalografica.pdf, id=36, 597.55246pt x 845.07718pt>
File: USPSC-TA-PreTextual/USPSC-fichacatalografica.pdf Graphic file (type pdf)
<use USPSC-TA-PreTextual/USPSC-fichacatalografica.pdf>
Package pdftex.def Info: USPSC-TA-PreTextual/USPSC-fichacatalografica.pdf  used on input line 271.
(pdftex.def)             Requested size: 597.551pt x 845.07512pt.
<USPSC-TA-PreTextual/USPSC-fichacatalografica.pdf, id=38, page=1, 597.55246pt x 845.07718pt>
File: USPSC-TA-PreTextual/USPSC-fichacatalografica.pdf Graphic file (type pdf)
<use USPSC-TA-PreTextual/USPSC-fichacatalografica.pdf, page 1>
Package pdftex.def Info: USPSC-TA-PreTextual/USPSC-fichacatalografica.pdf , page1 used on input line 271.
(pdftex.def)             Requested size: 597.551pt x 845.07512pt.
File: USPSC-TA-PreTextual/USPSC-fichacatalografica.pdf Graphic file (type pdf)
<use USPSC-TA-PreTextual/USPSC-fichacatalografica.pdf, page 1>
Package pdftex.def Info: USPSC-TA-PreTextual/USPSC-fichacatalografica.pdf , page1 used on input line 271.
(pdftex.def)             Requested size: 597.57834pt x 845.1138pt.
File: USPSC-TA-PreTextual/USPSC-fichacatalografica.pdf Graphic file (type pdf)
<use USPSC-TA-PreTextual/USPSC-fichacatalografica.pdf, page 1>
Package pdftex.def Info: USPSC-TA-PreTextual/USPSC-fichacatalografica.pdf , page1 used on input line 271.
(pdftex.def)             Requested size: 597.57834pt x 845.1138pt.
File: USPSC-TA-PreTextual/USPSC-fichacatalografica.pdf Graphic file (type pdf)
<use USPSC-TA-PreTextual/USPSC-fichacatalografica.pdf, page 1>
Package pdftex.def Info: USPSC-TA-PreTextual/USPSC-fichacatalografica.pdf , page1 used on input line 271.
(pdftex.def)             Requested size: 597.57834pt x 845.1138pt.
File: USPSC-img/CapaICMC.jpg Graphic file (type jpg)
<use USPSC-img/CapaICMC.jpg>
Package pdftex.def Info: USPSC-img/CapaICMC.jpg  used on input line 271.
(pdftex.def)             Requested size: 596.44875pt x 845.04933pt.
File: USPSC-img/USPSC-PaginaEmBranco.jpg Graphic file (type jpg)
<use USPSC-img/USPSC-PaginaEmBranco.jpg>
Package pdftex.def Info: USPSC-img/USPSC-PaginaEmBranco.jpg  used on input line 271.
(pdftex.def)             Requested size: 597.4799pt x 845.04517pt.
File: USPSC-TA-PreTextual/USPSC-fichacatalografica.pdf Graphic file (type pdf)
<use USPSC-TA-PreTextual/USPSC-fichacatalografica.pdf, page 1>
Package pdftex.def Info: USPSC-TA-PreTextual/USPSC-fichacatalografica.pdf , page1 used on input line 271.
(pdftex.def)             Requested size: 597.57834pt x 845.1138pt.
 [4

 <./USPSC-TA-PreTextual/USPSC-fichacatalografica.pdf>]
Underfull \hbox (badness 2111) in paragraph at lines 288--288
\T1/lmr/m/n/12 (+20) and the Escola de Engenharia de São
 []

File: USPSC-img/CapaICMC.jpg Graphic file (type jpg)
<use USPSC-img/CapaICMC.jpg>
Package pdftex.def Info: USPSC-img/CapaICMC.jpg  used on input line 288.
(pdftex.def)             Requested size: 596.44875pt x 845.04933pt.
File: USPSC-img/USPSC-PaginaEmBranco.jpg Graphic file (type jpg)
<use USPSC-img/USPSC-PaginaEmBranco.jpg>
Package pdftex.def Info: USPSC-img/USPSC-PaginaEmBranco.jpg  used on input line 288.
(pdftex.def)             Requested size: 597.4799pt x 845.04517pt.
[5

]
\openout2 = `USPSC-TA-PreTextual/USPSC-Errata.aux'.

 (./USPSC-TA-PreTextual/USPSC-Errata.tex
File: USPSC-img/CapaICMC.jpg Graphic file (type jpg)
<use USPSC-img/CapaICMC.jpg>
Package pdftex.def Info: USPSC-img/CapaICMC.jpg  used on input line 4.
(pdftex.def)             Requested size: 596.44875pt x 845.04933pt.
File: USPSC-img/USPSC-PaginaEmBranco.jpg Graphic file (type jpg)
<use USPSC-img/USPSC-PaginaEmBranco.jpg>
Package pdftex.def Info: USPSC-img/USPSC-PaginaEmBranco.jpg  used on input line 4.
(pdftex.def)             Requested size: 597.4799pt x 845.04517pt.
 [6


]

LaTeX Warning: Citation `nbr14724' on page 7 undefined on input line 4.


LaTeX Warning: Reference `LastPage' on page 7 undefined on input line 11.

LaTeX Font Info:    External font `lmex10' loaded for size
(Font)              <10.95> on input line 25.
File: USPSC-img/CapaICMC.jpg Graphic file (type jpg)
<use USPSC-img/CapaICMC.jpg>
Package pdftex.def Info: USPSC-img/CapaICMC.jpg  used on input line 33.
(pdftex.def)             Requested size: 596.44875pt x 845.04933pt.
File: USPSC-img/USPSC-PaginaEmBranco.jpg Graphic file (type jpg)
<use USPSC-img/USPSC-PaginaEmBranco.jpg>
Package pdftex.def Info: USPSC-img/USPSC-PaginaEmBranco.jpg  used on input line 33.
(pdftex.def)             Requested size: 597.4799pt x 845.04517pt.
[7]
File: USPSC-img/CapaICMC.jpg Graphic file (type jpg)
<use USPSC-img/CapaICMC.jpg>
Package pdftex.def Info: USPSC-img/CapaICMC.jpg  used on input line 33.
(pdftex.def)             Requested size: 596.44875pt x 845.04933pt.
File: USPSC-img/USPSC-PaginaEmBranco.jpg Graphic file (type jpg)
<use USPSC-img/USPSC-PaginaEmBranco.jpg>
Package pdftex.def Info: USPSC-img/USPSC-PaginaEmBranco.jpg  used on input line 33.
(pdftex.def)             Requested size: 597.4799pt x 845.04517pt.
 [8

])
<USPSC-TA-PreTextual/USPSC-folhadeaprovacao.pdf, id=74, 597.55246pt x 845.07718pt>
File: USPSC-TA-PreTextual/USPSC-folhadeaprovacao.pdf Graphic file (type pdf)
<use USPSC-TA-PreTextual/USPSC-folhadeaprovacao.pdf>
Package pdftex.def Info: USPSC-TA-PreTextual/USPSC-folhadeaprovacao.pdf  used on input line 307.
(pdftex.def)             Requested size: 597.551pt x 845.07512pt.
<USPSC-TA-PreTextual/USPSC-folhadeaprovacao.pdf, id=76, page=1, 597.55246pt x 845.07718pt>
File: USPSC-TA-PreTextual/USPSC-folhadeaprovacao.pdf Graphic file (type pdf)
<use USPSC-TA-PreTextual/USPSC-folhadeaprovacao.pdf, page 1>
Package pdftex.def Info: USPSC-TA-PreTextual/USPSC-folhadeaprovacao.pdf , page1 used on input line 307.
(pdftex.def)             Requested size: 597.551pt x 845.07512pt.
File: USPSC-TA-PreTextual/USPSC-folhadeaprovacao.pdf Graphic file (type pdf)
<use USPSC-TA-PreTextual/USPSC-folhadeaprovacao.pdf, page 1>
Package pdftex.def Info: USPSC-TA-PreTextual/USPSC-folhadeaprovacao.pdf , page1 used on input line 307.
(pdftex.def)             Requested size: 597.57834pt x 845.1138pt.
File: USPSC-TA-PreTextual/USPSC-folhadeaprovacao.pdf Graphic file (type pdf)
<use USPSC-TA-PreTextual/USPSC-folhadeaprovacao.pdf, page 1>
Package pdftex.def Info: USPSC-TA-PreTextual/USPSC-folhadeaprovacao.pdf , page1 used on input line 307.
(pdftex.def)             Requested size: 597.57834pt x 845.1138pt.
File: USPSC-TA-PreTextual/USPSC-folhadeaprovacao.pdf Graphic file (type pdf)
<use USPSC-TA-PreTextual/USPSC-folhadeaprovacao.pdf, page 1>
Package pdftex.def Info: USPSC-TA-PreTextual/USPSC-folhadeaprovacao.pdf , page1 used on input line 307.
(pdftex.def)             Requested size: 597.57834pt x 845.1138pt.
File: USPSC-img/CapaICMC.jpg Graphic file (type jpg)
<use USPSC-img/CapaICMC.jpg>
Package pdftex.def Info: USPSC-img/CapaICMC.jpg  used on input line 307.
(pdftex.def)             Requested size: 596.44875pt x 845.04933pt.
File: USPSC-img/USPSC-PaginaEmBranco.jpg Graphic file (type jpg)
<use USPSC-img/USPSC-PaginaEmBranco.jpg>
Package pdftex.def Info: USPSC-img/USPSC-PaginaEmBranco.jpg  used on input line 307.
(pdftex.def)             Requested size: 597.4799pt x 845.04517pt.
File: USPSC-TA-PreTextual/USPSC-folhadeaprovacao.pdf Graphic file (type pdf)
<use USPSC-TA-PreTextual/USPSC-folhadeaprovacao.pdf, page 1>
Package pdftex.def Info: USPSC-TA-PreTextual/USPSC-folhadeaprovacao.pdf , page1 used on input line 307.
(pdftex.def)             Requested size: 597.57834pt x 845.1138pt.
 [9



 <./USPSC-TA-PreTextual/USPSC-folhadeaprovacao.pdf>]
File: USPSC-TA-PreTextual/USPSC-PaginaEmBranco.pdf Graphic file (type pdf)
<use USPSC-TA-PreTextual/USPSC-PaginaEmBranco.pdf>
Package pdftex.def Info: USPSC-TA-PreTextual/USPSC-PaginaEmBranco.pdf  used on input line 312.
(pdftex.def)             Requested size: 597.551pt x 845.07512pt.
File: USPSC-TA-PreTextual/USPSC-PaginaEmBranco.pdf Graphic file (type pdf)
<use USPSC-TA-PreTextual/USPSC-PaginaEmBranco.pdf, page 1>
Package pdftex.def Info: USPSC-TA-PreTextual/USPSC-PaginaEmBranco.pdf , page1 used on input line 312.
(pdftex.def)             Requested size: 597.551pt x 845.07512pt.
File: USPSC-TA-PreTextual/USPSC-PaginaEmBranco.pdf Graphic file (type pdf)
<use USPSC-TA-PreTextual/USPSC-PaginaEmBranco.pdf, page 1>
Package pdftex.def Info: USPSC-TA-PreTextual/USPSC-PaginaEmBranco.pdf , page1 used on input line 312.
(pdftex.def)             Requested size: 597.57834pt x 845.1138pt.
File: USPSC-TA-PreTextual/USPSC-PaginaEmBranco.pdf Graphic file (type pdf)
<use USPSC-TA-PreTextual/USPSC-PaginaEmBranco.pdf, page 1>
Package pdftex.def Info: USPSC-TA-PreTextual/USPSC-PaginaEmBranco.pdf , page1 used on input line 312.
(pdftex.def)             Requested size: 597.57834pt x 845.1138pt.
File: USPSC-TA-PreTextual/USPSC-PaginaEmBranco.pdf Graphic file (type pdf)
<use USPSC-TA-PreTextual/USPSC-PaginaEmBranco.pdf, page 1>
Package pdftex.def Info: USPSC-TA-PreTextual/USPSC-PaginaEmBranco.pdf , page1 used on input line 312.
(pdftex.def)             Requested size: 597.57834pt x 845.1138pt.
File: USPSC-img/CapaICMC.jpg Graphic file (type jpg)
<use USPSC-img/CapaICMC.jpg>
Package pdftex.def Info: USPSC-img/CapaICMC.jpg  used on input line 312.
(pdftex.def)             Requested size: 596.44875pt x 845.04933pt.
File: USPSC-img/USPSC-PaginaEmBranco.jpg Graphic file (type jpg)
<use USPSC-img/USPSC-PaginaEmBranco.jpg>
Package pdftex.def Info: USPSC-img/USPSC-PaginaEmBranco.jpg  used on input line 312.
(pdftex.def)             Requested size: 597.4799pt x 845.04517pt.
File: USPSC-TA-PreTextual/USPSC-PaginaEmBranco.pdf Graphic file (type pdf)
<use USPSC-TA-PreTextual/USPSC-PaginaEmBranco.pdf, page 1>
Package pdftex.def Info: USPSC-TA-PreTextual/USPSC-PaginaEmBranco.pdf , page1 used on input line 312.
(pdftex.def)             Requested size: 597.57834pt x 845.1138pt.
 [10

]
\openout2 = `USPSC-TA-PreTextual/USPSC-Dedicatoria.aux'.

 (./USPSC-TA-PreTextual/USPSC-Dedicatoria.tex
File: USPSC-img/CapaICMC.jpg Graphic file (type jpg)
<use USPSC-img/CapaICMC.jpg>
Package pdftex.def Info: USPSC-img/CapaICMC.jpg  used on input line 7.
(pdftex.def)             Requested size: 596.44875pt x 845.04933pt.
File: USPSC-img/USPSC-PaginaEmBranco.jpg Graphic file (type jpg)
<use USPSC-img/USPSC-PaginaEmBranco.jpg>
Package pdftex.def Info: USPSC-img/USPSC-PaginaEmBranco.jpg  used on input line 7.
(pdftex.def)             Requested size: 597.4799pt x 845.04517pt.
 [11

]
File: USPSC-img/CapaICMC.jpg Graphic file (type jpg)
<use USPSC-img/CapaICMC.jpg>
Package pdftex.def Info: USPSC-img/CapaICMC.jpg  used on input line 7.
(pdftex.def)             Requested size: 596.44875pt x 845.04933pt.
File: USPSC-img/USPSC-PaginaEmBranco.jpg Graphic file (type jpg)
<use USPSC-img/USPSC-PaginaEmBranco.jpg>
Package pdftex.def Info: USPSC-img/USPSC-PaginaEmBranco.jpg  used on input line 7.
(pdftex.def)             Requested size: 597.4799pt x 845.04517pt.
 [12

])
\openout2 = `USPSC-TA-PreTextual/USPSC-Agradecimentos.aux'.

 (./USPSC-TA-PreTextual/USPSC-Agradecimentos.tex
File: USPSC-img/CapaICMC.jpg Graphic file (type jpg)
<use USPSC-img/CapaICMC.jpg>
Package pdftex.def Info: USPSC-img/CapaICMC.jpg  used on input line 4.
(pdftex.def)             Requested size: 596.44875pt x 845.04933pt.
File: USPSC-img/USPSC-PaginaEmBranco.jpg Graphic file (type jpg)
<use USPSC-img/USPSC-PaginaEmBranco.jpg>
Package pdftex.def Info: USPSC-img/USPSC-PaginaEmBranco.jpg  used on input line 4.
(pdftex.def)             Requested size: 597.4799pt x 845.04517pt.
 [13




]
File: USPSC-img/CapaICMC.jpg Graphic file (type jpg)
<use USPSC-img/CapaICMC.jpg>
Package pdftex.def Info: USPSC-img/CapaICMC.jpg  used on input line 4.
(pdftex.def)             Requested size: 596.44875pt x 845.04933pt.
File: USPSC-img/USPSC-PaginaEmBranco.jpg Graphic file (type jpg)
<use USPSC-img/USPSC-PaginaEmBranco.jpg>
Package pdftex.def Info: USPSC-img/USPSC-PaginaEmBranco.jpg  used on input line 4.
(pdftex.def)             Requested size: 597.4799pt x 845.04517pt.
 [14

])
\openout2 = `USPSC-TA-PreTextual/USPSC-Epigrafe.aux'.

 (./USPSC-TA-PreTextual/USPSC-Epigrafe.tex
File: USPSC-img/CapaICMC.jpg Graphic file (type jpg)
<use USPSC-img/CapaICMC.jpg>
Package pdftex.def Info: USPSC-img/CapaICMC.jpg  used on input line 8.
(pdftex.def)             Requested size: 596.44875pt x 845.04933pt.
File: USPSC-img/USPSC-PaginaEmBranco.jpg Graphic file (type jpg)
<use USPSC-img/USPSC-PaginaEmBranco.jpg>
Package pdftex.def Info: USPSC-img/USPSC-PaginaEmBranco.jpg  used on input line 8.
(pdftex.def)             Requested size: 597.4799pt x 845.04517pt.
 [15



]
File: USPSC-img/CapaICMC.jpg Graphic file (type jpg)
<use USPSC-img/CapaICMC.jpg>
Package pdftex.def Info: USPSC-img/CapaICMC.jpg  used on input line 8.
(pdftex.def)             Requested size: 596.44875pt x 845.04933pt.
File: USPSC-img/USPSC-PaginaEmBranco.jpg Graphic file (type jpg)
<use USPSC-img/USPSC-PaginaEmBranco.jpg>
Package pdftex.def Info: USPSC-img/USPSC-PaginaEmBranco.jpg  used on input line 8.
(pdftex.def)             Requested size: 597.4799pt x 845.04517pt.
 [16

])
\openout2 = `USPSC-TA-PreTextual/USPSC-Resumo.aux'.

 (./USPSC-TA-PreTextual/USPSC-Resumo.tex

LaTeX Warning: Reference `LastPage' on page 17 undefined on input line 7.

File: USPSC-img/CapaICMC.jpg Graphic file (type jpg)
<use USPSC-img/CapaICMC.jpg>
Package pdftex.def Info: USPSC-img/CapaICMC.jpg  used on input line 19.
(pdftex.def)             Requested size: 596.44875pt x 845.04933pt.
File: USPSC-img/USPSC-PaginaEmBranco.jpg Graphic file (type jpg)
<use USPSC-img/USPSC-PaginaEmBranco.jpg>
Package pdftex.def Info: USPSC-img/USPSC-PaginaEmBranco.jpg  used on input line 19.
(pdftex.def)             Requested size: 597.4799pt x 845.04517pt.
[17



]
File: USPSC-img/CapaICMC.jpg Graphic file (type jpg)
<use USPSC-img/CapaICMC.jpg>
Package pdftex.def Info: USPSC-img/CapaICMC.jpg  used on input line 19.
(pdftex.def)             Requested size: 596.44875pt x 845.04933pt.
File: USPSC-img/USPSC-PaginaEmBranco.jpg Graphic file (type jpg)
<use USPSC-img/USPSC-PaginaEmBranco.jpg>
Package pdftex.def Info: USPSC-img/USPSC-PaginaEmBranco.jpg  used on input line 19.
(pdftex.def)             Requested size: 597.4799pt x 845.04517pt.
 [18

])
\openout2 = `USPSC-TA-PreTextual/USPSC-Abstract.aux'.

 (./USPSC-TA-PreTextual/USPSC-Abstract.tex

LaTeX Warning: Reference `LastPage' on page 19 undefined on input line 6.

File: USPSC-img/CapaICMC.jpg Graphic file (type jpg)
<use USPSC-img/CapaICMC.jpg>
Package pdftex.def Info: USPSC-img/CapaICMC.jpg  used on input line 18.
(pdftex.def)             Requested size: 596.44875pt x 845.04933pt.
File: USPSC-img/USPSC-PaginaEmBranco.jpg Graphic file (type jpg)
<use USPSC-img/USPSC-PaginaEmBranco.jpg>
Package pdftex.def Info: USPSC-img/USPSC-PaginaEmBranco.jpg  used on input line 18.
(pdftex.def)             Requested size: 597.4799pt x 845.04517pt.
[19



]
File: USPSC-img/CapaICMC.jpg Graphic file (type jpg)
<use USPSC-img/CapaICMC.jpg>
Package pdftex.def Info: USPSC-img/CapaICMC.jpg  used on input line 18.
(pdftex.def)             Requested size: 596.44875pt x 845.04933pt.
File: USPSC-img/USPSC-PaginaEmBranco.jpg Graphic file (type jpg)
<use USPSC-img/USPSC-PaginaEmBranco.jpg>
Package pdftex.def Info: USPSC-img/USPSC-PaginaEmBranco.jpg  used on input line 18.
(pdftex.def)             Requested size: 597.4799pt x 845.04517pt.
 [20

])
No file USPSC-TCC-modelo-ICMCp.lof.
File: USPSC-img/CapaICMC.jpg Graphic file (type jpg)
<use USPSC-img/CapaICMC.jpg>
Package pdftex.def Info: USPSC-img/CapaICMC.jpg  used on input line 351.
(pdftex.def)             Requested size: 596.44875pt x 845.04933pt.
File: USPSC-img/USPSC-PaginaEmBranco.jpg Graphic file (type jpg)
<use USPSC-img/USPSC-PaginaEmBranco.jpg>
Package pdftex.def Info: USPSC-img/USPSC-PaginaEmBranco.jpg  used on input line 351.
(pdftex.def)             Requested size: 597.4799pt x 845.04517pt.
[21


]
File: USPSC-img/CapaICMC.jpg Graphic file (type jpg)
<use USPSC-img/CapaICMC.jpg>
Package pdftex.def Info: USPSC-img/CapaICMC.jpg  used on input line 351.
(pdftex.def)             Requested size: 596.44875pt x 845.04933pt.
File: USPSC-img/USPSC-PaginaEmBranco.jpg Graphic file (type jpg)
<use USPSC-img/USPSC-PaginaEmBranco.jpg>
Package pdftex.def Info: USPSC-img/USPSC-PaginaEmBranco.jpg  used on input line 351.
(pdftex.def)             Requested size: 597.4799pt x 845.04517pt.
 [22

]
No file USPSC-TCC-modelo-ICMCp.lot.
File: USPSC-img/CapaICMC.jpg Graphic file (type jpg)
<use USPSC-img/CapaICMC.jpg>
Package pdftex.def Info: USPSC-img/CapaICMC.jpg  used on input line 359.
(pdftex.def)             Requested size: 596.44875pt x 845.04933pt.
File: USPSC-img/USPSC-PaginaEmBranco.jpg Graphic file (type jpg)
<use USPSC-img/USPSC-PaginaEmBranco.jpg>
Package pdftex.def Info: USPSC-img/USPSC-PaginaEmBranco.jpg  used on input line 359.
(pdftex.def)             Requested size: 597.4799pt x 845.04517pt.
[23]
File: USPSC-img/CapaICMC.jpg Graphic file (type jpg)
<use USPSC-img/CapaICMC.jpg>
Package pdftex.def Info: USPSC-img/CapaICMC.jpg  used on input line 359.
(pdftex.def)             Requested size: 596.44875pt x 845.04933pt.
File: USPSC-img/USPSC-PaginaEmBranco.jpg Graphic file (type jpg)
<use USPSC-img/USPSC-PaginaEmBranco.jpg>
Package pdftex.def Info: USPSC-img/USPSC-PaginaEmBranco.jpg  used on input line 359.
(pdftex.def)             Requested size: 597.4799pt x 845.04517pt.
 [24

] (./USPSC-TCC-modelo-ICMCp.loq)
File: USPSC-img/CapaICMC.jpg Graphic file (type jpg)
<use USPSC-img/CapaICMC.jpg>
Package pdftex.def Info: USPSC-img/CapaICMC.jpg  used on input line 367.
(pdftex.def)             Requested size: 596.44875pt x 845.04933pt.
File: USPSC-img/USPSC-PaginaEmBranco.jpg Graphic file (type jpg)
<use USPSC-img/USPSC-PaginaEmBranco.jpg>
Package pdftex.def Info: USPSC-img/USPSC-PaginaEmBranco.jpg  used on input line 367.
(pdftex.def)             Requested size: 597.4799pt x 845.04517pt.
 [25]
File: USPSC-img/CapaICMC.jpg Graphic file (type jpg)
<use USPSC-img/CapaICMC.jpg>
Package pdftex.def Info: USPSC-img/CapaICMC.jpg  used on input line 367.
(pdftex.def)             Requested size: 596.44875pt x 845.04933pt.
File: USPSC-img/USPSC-PaginaEmBranco.jpg Graphic file (type jpg)
<use USPSC-img/USPSC-PaginaEmBranco.jpg>
Package pdftex.def Info: USPSC-img/USPSC-PaginaEmBranco.jpg  used on input line 367.
(pdftex.def)             Requested size: 597.4799pt x 845.04517pt.
 [26

]
\openout2 = `USPSC-TA-PreTextual/USPSC-AbreviaturasSiglas.aux'.

 (./USPSC-TA-PreTextual/USPSC-AbreviaturasSiglas.tex
File: USPSC-img/CapaICMC.jpg Graphic file (type jpg)
<use USPSC-img/CapaICMC.jpg>
Package pdftex.def Info: USPSC-img/CapaICMC.jpg  used on input line 7.
(pdftex.def)             Requested size: 596.44875pt x 845.04933pt.
File: USPSC-img/USPSC-PaginaEmBranco.jpg Graphic file (type jpg)
<use USPSC-img/USPSC-PaginaEmBranco.jpg>
Package pdftex.def Info: USPSC-img/USPSC-PaginaEmBranco.jpg  used on input line 7.
(pdftex.def)             Requested size: 597.4799pt x 845.04517pt.
 [27


]
File: USPSC-img/CapaICMC.jpg Graphic file (type jpg)
<use USPSC-img/CapaICMC.jpg>
Package pdftex.def Info: USPSC-img/CapaICMC.jpg  used on input line 7.
(pdftex.def)             Requested size: 596.44875pt x 845.04933pt.
File: USPSC-img/USPSC-PaginaEmBranco.jpg Graphic file (type jpg)
<use USPSC-img/USPSC-PaginaEmBranco.jpg>
Package pdftex.def Info: USPSC-img/USPSC-PaginaEmBranco.jpg  used on input line 7.
(pdftex.def)             Requested size: 597.4799pt x 845.04517pt.
 [28

])
\openout2 = `USPSC-TA-PreTextual/USPSC-Simbolos.aux'.

 (./USPSC-TA-PreTextual/USPSC-Simbolos.tex
File: USPSC-img/CapaICMC.jpg Graphic file (type jpg)
<use USPSC-img/CapaICMC.jpg>
Package pdftex.def Info: USPSC-img/CapaICMC.jpg  used on input line 6.
(pdftex.def)             Requested size: 596.44875pt x 845.04933pt.
File: USPSC-img/USPSC-PaginaEmBranco.jpg Graphic file (type jpg)
<use USPSC-img/USPSC-PaginaEmBranco.jpg>
Package pdftex.def Info: USPSC-img/USPSC-PaginaEmBranco.jpg  used on input line 6.
(pdftex.def)             Requested size: 597.4799pt x 845.04517pt.
 [29




{c:/texlive/2026/texmf-dist/fonts/enc/dvips/lm/lm-mathsy.enc}]
File: USPSC-img/CapaICMC.jpg Graphic file (type jpg)
<use USPSC-img/CapaICMC.jpg>
Package pdftex.def Info: USPSC-img/CapaICMC.jpg  used on input line 6.
(pdftex.def)             Requested size: 596.44875pt x 845.04933pt.
File: USPSC-img/USPSC-PaginaEmBranco.jpg Graphic file (type jpg)
<use USPSC-img/USPSC-PaginaEmBranco.jpg>
Package pdftex.def Info: USPSC-img/USPSC-PaginaEmBranco.jpg  used on input line 6.
(pdftex.def)             Requested size: 597.4799pt x 845.04517pt.
 [30

])
No file USPSC-TCC-modelo-ICMCp.toc.
File: USPSC-img/CapaICMC.jpg Graphic file (type jpg)
<use USPSC-img/CapaICMC.jpg>
Package pdftex.def Info: USPSC-img/CapaICMC.jpg  used on input line 386.
(pdftex.def)             Requested size: 596.44875pt x 845.04933pt.
File: USPSC-img/USPSC-PaginaEmBranco.jpg Graphic file (type jpg)
<use USPSC-img/USPSC-PaginaEmBranco.jpg>
Package pdftex.def Info: USPSC-img/USPSC-PaginaEmBranco.jpg  used on input line 386.
(pdftex.def)             Requested size: 597.4799pt x 845.04517pt.
[31


]
File: USPSC-img/CapaICMC.jpg Graphic file (type jpg)
<use USPSC-img/CapaICMC.jpg>
Package pdftex.def Info: USPSC-img/CapaICMC.jpg  used on input line 386.
(pdftex.def)             Requested size: 596.44875pt x 845.04933pt.
File: USPSC-img/USPSC-PaginaEmBranco.jpg Graphic file (type jpg)
<use USPSC-img/USPSC-PaginaEmBranco.jpg>
Package pdftex.def Info: USPSC-img/USPSC-PaginaEmBranco.jpg  used on input line 386.
(pdftex.def)             Requested size: 597.4799pt x 845.04517pt.
 [32

]
\openout2 = `USPSC-TA-Textual/USPSC-Cap1-Introducao.aux'.

 (./USPSC-TA-Textual/USPSC-Cap1-Introducao.tex
Cap\'{\i }tulo 1.
)
File: USPSC-img/CapaICMC.jpg Graphic file (type jpg)
<use USPSC-img/CapaICMC.jpg>
Package pdftex.def Info: USPSC-img/CapaICMC.jpg  used on input line 396.
(pdftex.def)             Requested size: 596.44875pt x 845.04933pt.
File: USPSC-img/USPSC-PaginaEmBranco.jpg Graphic file (type jpg)
<use USPSC-img/USPSC-PaginaEmBranco.jpg>
Package pdftex.def Info: USPSC-img/USPSC-PaginaEmBranco.jpg  used on input line 396.
(pdftex.def)             Requested size: 597.4799pt x 845.04517pt.
 [33


]
\openout2 = `USPSC-TA-Textual/USPSC-Cap2-Desenvolvimento.aux'.

 (./USPSC-TA-Textual/USPSC-Cap2-Desenvolvimento.tex
File: USPSC-img/CapaICMC.jpg Graphic file (type jpg)
<use USPSC-img/CapaICMC.jpg>
Package pdftex.def Info: USPSC-img/CapaICMC.jpg  used on input line 5.
(pdftex.def)             Requested size: 596.44875pt x 845.04933pt.
File: USPSC-img/USPSC-PaginaEmBranco.jpg Graphic file (type jpg)
<use USPSC-img/USPSC-PaginaEmBranco.jpg>
Package pdftex.def Info: USPSC-img/USPSC-PaginaEmBranco.jpg  used on input line 5.
(pdftex.def)             Requested size: 597.4799pt x 845.04517pt.
 [34




]
Cap\'{\i }tulo 2.
)
File: USPSC-img/CapaICMC.jpg Graphic file (type jpg)
<use USPSC-img/CapaICMC.jpg>
Package pdftex.def Info: USPSC-img/CapaICMC.jpg  used on input line 402.
(pdftex.def)             Requested size: 596.44875pt x 845.04933pt.
File: USPSC-img/USPSC-PaginaEmBranco.jpg Graphic file (type jpg)
<use USPSC-img/USPSC-PaginaEmBranco.jpg>
Package pdftex.def Info: USPSC-img/USPSC-PaginaEmBranco.jpg  used on input line 402.
(pdftex.def)             Requested size: 597.4799pt x 845.04517pt.
 [35
pdfTeX warning (ext4): destination with the same identifier (name{table.2.1}) has been already used, duplicate ignored
<argument> ...shipout:D \box_use:N \l_shipout_box 
                                                  \__shipout_drop_firstpage_...
l.402 ...SC-TA-Textual/USPSC-Cap2-Desenvolvimento}
                                                  ]
\openout2 = `USPSC-TA-Textual/USPSC-Cap3-Conclusao.aux'.

 (./USPSC-TA-Textual/USPSC-Cap3-Conclusao.tex
File: USPSC-img/CapaICMC.jpg Graphic file (type jpg)
<use USPSC-img/CapaICMC.jpg>
Package pdftex.def Info: USPSC-img/CapaICMC.jpg  used on input line 5.
(pdftex.def)             Requested size: 596.44875pt x 845.04933pt.
File: USPSC-img/USPSC-PaginaEmBranco.jpg Graphic file (type jpg)
<use USPSC-img/USPSC-PaginaEmBranco.jpg>
Package pdftex.def Info: USPSC-img/USPSC-PaginaEmBranco.jpg  used on input line 5.
(pdftex.def)             Requested size: 597.4799pt x 845.04517pt.
 [36




]
Cap\'{\i }tulo 3.
)
File: USPSC-img/CapaICMC.jpg Graphic file (type jpg)
<use USPSC-img/CapaICMC.jpg>
Package pdftex.def Info: USPSC-img/CapaICMC.jpg  used on input line 406.
(pdftex.def)             Requested size: 596.44875pt x 845.04933pt.
File: USPSC-img/USPSC-PaginaEmBranco.jpg Graphic file (type jpg)
<use USPSC-img/USPSC-PaginaEmBranco.jpg>
Package pdftex.def Info: USPSC-img/USPSC-PaginaEmBranco.jpg  used on input line 406.
(pdftex.def)             Requested size: 597.4799pt x 845.04517pt.
 [37] (./USPSC-TCC-modelo-ICMCp.bbl
File: USPSC-img/CapaICMC.jpg Graphic file (type jpg)
<use USPSC-img/CapaICMC.jpg>
Package pdftex.def Info: USPSC-img/CapaICMC.jpg  used on input line 3.
(pdftex.def)             Requested size: 596.44875pt x 845.04933pt.
File: USPSC-img/USPSC-PaginaEmBranco.jpg Graphic file (type jpg)
<use USPSC-img/USPSC-PaginaEmBranco.jpg>
Package pdftex.def Info: USPSC-img/USPSC-PaginaEmBranco.jpg  used on input line 3.
(pdftex.def)             Requested size: 597.4799pt x 845.04517pt.
 [38



]

Package hyperref Warning: Token not allowed in a PDF string (Unicode):
(hyperref)                removing `\uppercase' on input line 3.

bibitemlist
)
File: USPSC-img/CapaICMC.jpg Graphic file (type jpg)
<use USPSC-img/CapaICMC.jpg>
Package pdftex.def Info: USPSC-img/CapaICMC.jpg  used on input line 432.
(pdftex.def)             Requested size: 596.44875pt x 845.04933pt.
File: USPSC-img/USPSC-PaginaEmBranco.jpg Graphic file (type jpg)
<use USPSC-img/USPSC-PaginaEmBranco.jpg>
Package pdftex.def Info: USPSC-img/USPSC-PaginaEmBranco.jpg  used on input line 432.
(pdftex.def)             Requested size: 597.4799pt x 845.04517pt.
 [39]
\openout2 = `USPSC-TA-PosTextual/USPSC-Apendices.aux'.

 (./USPSC-TA-PosTextual/USPSC-Apendices.tex
File: USPSC-img/CapaICMC.jpg Graphic file (type jpg)
<use USPSC-img/CapaICMC.jpg>
Package pdftex.def Info: USPSC-img/CapaICMC.jpg  used on input line 8.
(pdftex.def)             Requested size: 596.44875pt x 845.04933pt.
File: USPSC-img/USPSC-PaginaEmBranco.jpg Graphic file (type jpg)
<use USPSC-img/USPSC-PaginaEmBranco.jpg>
Package pdftex.def Info: USPSC-img/USPSC-PaginaEmBranco.jpg  used on input line 8.
(pdftex.def)             Requested size: 597.4799pt x 845.04517pt.
 [40


]

Package hyperref Warning: Token not allowed in a PDF string (Unicode):
(hyperref)                removing `\uppercase' on input line 8.

File: USPSC-img/CapaICMC.jpg Graphic file (type jpg)
<use USPSC-img/CapaICMC.jpg>
Package pdftex.def Info: USPSC-img/CapaICMC.jpg  used on input line 8.
(pdftex.def)             Requested size: 596.44875pt x 845.04933pt.
File: USPSC-img/USPSC-PaginaEmBranco.jpg Graphic file (type jpg)
<use USPSC-img/USPSC-PaginaEmBranco.jpg>
Package pdftex.def Info: USPSC-img/USPSC-PaginaEmBranco.jpg  used on input line 8.
(pdftex.def)             Requested size: 597.4799pt x 845.04517pt.
[41

]
File: USPSC-img/CapaICMC.jpg Graphic file (type jpg)
<use USPSC-img/CapaICMC.jpg>
Package pdftex.def Info: USPSC-img/CapaICMC.jpg  used on input line 8.
(pdftex.def)             Requested size: 596.44875pt x 845.04933pt.
File: USPSC-img/USPSC-PaginaEmBranco.jpg Graphic file (type jpg)
<use USPSC-img/USPSC-PaginaEmBranco.jpg>
Package pdftex.def Info: USPSC-img/USPSC-PaginaEmBranco.jpg  used on input line 8.
(pdftex.def)             Requested size: 597.4799pt x 845.04517pt.
 [42]
AP\^ENDICE A.
)
File: USPSC-img/CapaICMC.jpg Graphic file (type jpg)
<use USPSC-img/CapaICMC.jpg>
Package pdftex.def Info: USPSC-img/CapaICMC.jpg  used on input line 432.
(pdftex.def)             Requested size: 596.44875pt x 845.04933pt.
File: USPSC-img/USPSC-PaginaEmBranco.jpg Graphic file (type jpg)
<use USPSC-img/USPSC-PaginaEmBranco.jpg>
Package pdftex.def Info: USPSC-img/USPSC-PaginaEmBranco.jpg  used on input line 432.
(pdftex.def)             Requested size: 597.4799pt x 845.04517pt.
 [43

]
\openout2 = `USPSC-TA-PosTextual/USPSC-Anexos.aux'.

 (./USPSC-TA-PosTextual/USPSC-Anexos.tex
File: USPSC-img/CapaICMC.jpg Graphic file (type jpg)
<use USPSC-img/CapaICMC.jpg>
Package pdftex.def Info: USPSC-img/CapaICMC.jpg  used on input line 8.
(pdftex.def)             Requested size: 596.44875pt x 845.04933pt.
File: USPSC-img/USPSC-PaginaEmBranco.jpg Graphic file (type jpg)
<use USPSC-img/USPSC-PaginaEmBranco.jpg>
Package pdftex.def Info: USPSC-img/USPSC-PaginaEmBranco.jpg  used on input line 8.
(pdftex.def)             Requested size: 597.4799pt x 845.04517pt.
 [44




]

Package hyperref Warning: Token not allowed in a PDF string (Unicode):
(hyperref)                removing `\uppercase' on input line 8.

File: USPSC-img/CapaICMC.jpg Graphic file (type jpg)
<use USPSC-img/CapaICMC.jpg>
Package pdftex.def Info: USPSC-img/CapaICMC.jpg  used on input line 8.
(pdftex.def)             Requested size: 596.44875pt x 845.04933pt.
File: USPSC-img/USPSC-PaginaEmBranco.jpg Graphic file (type jpg)
<use USPSC-img/USPSC-PaginaEmBranco.jpg>
Package pdftex.def Info: USPSC-img/USPSC-PaginaEmBranco.jpg  used on input line 8.
(pdftex.def)             Requested size: 597.4799pt x 845.04517pt.
[45

]
File: USPSC-img/CapaICMC.jpg Graphic file (type jpg)
<use USPSC-img/CapaICMC.jpg>
Package pdftex.def Info: USPSC-img/CapaICMC.jpg  used on input line 8.
(pdftex.def)             Requested size: 596.44875pt x 845.04933pt.
File: USPSC-img/USPSC-PaginaEmBranco.jpg Graphic file (type jpg)
<use USPSC-img/USPSC-PaginaEmBranco.jpg>
Package pdftex.def Info: USPSC-img/USPSC-PaginaEmBranco.jpg  used on input line 8.
(pdftex.def)             Requested size: 597.4799pt x 845.04517pt.
 [46]
ANEXO A.
)
File: USPSC-img/CapaICMC.jpg Graphic file (type jpg)
<use USPSC-img/CapaICMC.jpg>
Package pdftex.def Info: USPSC-img/CapaICMC.jpg  used on input line 437.
(pdftex.def)             Requested size: 596.44875pt x 845.04933pt.
File: USPSC-img/USPSC-PaginaEmBranco.jpg Graphic file (type jpg)
<use USPSC-img/USPSC-PaginaEmBranco.jpg>
Package pdftex.def Info: USPSC-img/USPSC-PaginaEmBranco.jpg  used on input line 437.
(pdftex.def)             Requested size: 597.4799pt x 845.04517pt.
 [47

]
\openout2 = `USPSC-TA-PosTextual/USPSC-IndicesRemissivos.aux'.

 (./USPSC-TA-PosTextual/USPSC-IndicesRemissivos.tex)
No file USPSC-TCC-modelo-ICMCp.ind.
\tf@lof=\write7
\openout7 = `USPSC-TCC-modelo-ICMCp.lof'.

\tf@lot=\write8
\openout8 = `USPSC-TCC-modelo-ICMCp.lot'.

\tf@loq=\write9
\openout9 = `USPSC-TCC-modelo-ICMCp.loq'.

\tf@toc=\write10
\openout10 = `USPSC-TCC-modelo-ICMCp.toc'.


enddocument/afterlastpage (AED): lastpage setting LastPage.
(./USPSC-TCC-modelo-ICMCp.aux (./USPSC-TA-PreTextual/USPSC-CapaICMC.aux) (./USPSC-TA-PreTextual/USPSC-Errata.aux) (./USPSC-TA-PreTextual/USPSC-Dedicatoria.aux) (./USPSC-TA-PreTextual/USPSC-Agradecimentos.aux) (./USPSC-TA-PreTextual/USPSC-Epigrafe.aux) (./USPSC-TA-PreTextual/USPSC-Resumo.aux) (./USPSC-TA-PreTextual/USPSC-Abstract.aux) (./USPSC-TA-PreTextual/USPSC-AbreviaturasSiglas.aux) (./USPSC-TA-PreTextual/USPSC-Simbolos.aux) (./USPSC-TA-Textual/USPSC-Cap1-Introducao.aux) (./USPSC-TA-Textual/USPSC-Cap2-Desenvolvimento.aux) (./USPSC-TA-Textual/USPSC-Cap3-Conclusao.aux) (./USPSC-TA-PosTextual/USPSC-Apendices.aux) (./USPSC-TA-PosTextual/USPSC-Anexos.aux) (./USPSC-TA-PosTextual/USPSC-IndicesRemissivos.aux))
 ***********
LaTeX2e <2026-06-01>
L3 programming layer <2020/03/25>
 ***********


LaTeX Warning: There were undefined references.


LaTeX Warning: Label(s) may have changed. Rerun to get cross-references right.


Package lastpage Warning: Rerun to get the references right on input line 446.

 ) 
Here is how much of TeX's memory you used:
 44320 strings out of 467159
 958918 string characters out of 5413462
 1465411 words of memory out of 5000000
 72654 multiletter control sequences out of 15000+600000
 692255 words of font info for 119 fonts, out of 8000000 for 9000
 1141 hyphenation exceptions out of 8191
 107i,17n,108p,1048b,1374s stack positions out of 10000i,1000n,20000p,200000b,200000s
<c:/texlive/2026/texmf-dist/fonts/type1/public/lm/lmbx10.pfb><c:/texlive/2026/texmf-dist/fonts/type1/public/lm/lmbx12.pfb><c:/texlive/2026/texmf-dist/fonts/type1/public/lm/lmr10.pfb><c:/texlive/2026/texmf-dist/fonts/type1/public/lm/lmr12.pfb><c:/texlive/2026/texmf-dist/fonts/type1/public/lm/lmri12.pfb><c:/texlive/2026/texmf-dist/fonts/type1/public/lm/lmssbx10.pfb><c:/texlive/2026/texmf-dist/fonts/type1/public/lm/lmsy10.pfb>
Output written on USPSC-TCC-modelo-ICMCp.pdf (47 pages, 801012 bytes).
PDF statistics:
 424 PDF objects out of 1000 (max. 8388607)
 339 compressed objects within 4 object streams
 99 named destinations out of 1000 (max. 500000)
 37129 words of extra memory for PDF output out of 42996 (max. 10000000)

